business_id,latitude,longitude,review_count
ac1AeYqs8Z4_e2X5M3if2A,29.95623100,-90.06756300,241
_ab50qdWOk0DdB6XOrBitw,29.95427350,-90.06896510,226
_C7QiQQc47AOEv4PE3Kong,29.92873544,-90.08419561,191
oBNrLz4EDhiscSlbOl8uAw,29.95102500,-90.06739400,173
VQcCL9PiNL_wkGf-uF3fjg,29.95647323,-90.06638605,159
iSRTaT9WngzB8JJ2YKJUig,29.94905690,-90.06704920,145
gTC8IQ_i8zXytWSly3Ttvg,29.94223587,-90.06709814,142
GBTPC53ZrG1ZBY3DT8Mbcw,29.95074163,-90.07041554,138
VaO-VW3e1kARkU9bP1E7Fw,29.95468043,-90.06894540,124
6a4gLLFSgr-Q6CZXDLzBGQ,29.94228030,-90.06726820,118
VVH6k9-ycttH3TV_lk5WfQ,29.96919530,-90.07896380,105
qb28j-FNX1_6xm7u372TZA,29.95770890,-90.06453700,102
ww3YJXu5c18aGZXWmm00qg,29.95986730,-90.06290270,98
XnQ84ylyAZwh-XfHGGNBbQ,29.96015742,-90.05985381,93
DcBLYSvOuWcNReolRVr12A,29.94756282,-90.06331086,92
9xdXS7jtWjCVzL4_oPGv9A,29.95554744,-90.06884397,87
ChlcxTEoWBQJXJ2Xb2vm5g,29.95558909,-90.06507223,84
RLlOK2fL6xU1sfIPiP2QBw,29.95534700,-90.06980600,83
BjeHLwKOlHyV6DJgmZxAjA,29.95312800,-90.06793000,82
mhrW9O0O5hXGXGnEYBVoag,29.94904170,-90.13222950,81
Y2Pfil51rNvTd_lFHwzb_g,29.95529400,-90.06707000,79
V9VLhHdSFpFi4yXFqVcVEA,29.94508840,-90.06909280,74
8uF-bhJFgT4Tn6DTb27viA,29.92942590,-90.07706870,72
TcNZXteosegb1RO4O5hREw,29.97368236,-90.09020807,71
W4ZEKkva9HpAdZG88juwyQ,29.95438680,-90.06836290,71
yz0KWVamNhqiZGz7XTClzg,29.95450401,-90.06643677,69
vN6v8m4DO45Z4pp8yxxF_w,29.93579900,-90.07190600,67
c-iKAO2GBzSKjm7y1Oljcw,29.95446800,-90.06960960,66
hfbZ97Te3T4jeWN6GgsGrQ,29.94832100,-90.07512200,63
Zi-F-YvyVOK0k5QD7lrLOg,29.95845760,-90.06318800,63
Vz2RN55rTJBGn43K1v84nA,29.95387900,-90.07162470,62
t9LiapsQABwMQeiF1Czl6w,29.96444200,-90.06177600,61
-Tskf8WK17rb3ZfeFuRSWA,29.95284990,-90.06820780,60
WXgV2lOUgas7DzTLeDau-w,29.92403920,-90.08601120,60
FEXhWNCMkv22qG04E83Qjg,29.95752500,-90.06186100,60
u7uFQCoHFtBKCtbWUm6yZw,29.94478690,-90.06737710,59
-VlBFlHwX-Pt6Xyzs9roGw,29.92623550,-90.10168062,59
PGd06nrseC2YAIqP6S9gUA,29.95519018,-90.07174943,59
iwmW2mgcn2YdirXUHCsgXQ,29.95461800,-90.06918000,59
EagkHaaC-kUozD3MPzbRIw,29.95825017,-90.06292324,59
e5fCI12X_GLCST668S4ROA,29.95761810,-90.06538890,57
I3Uy20BKx7G-Fzz6hLIeWg,29.95000000,-90.06683090,56
75FY8ZQx5nOWP0VFmNvWfw,29.92127150,-90.08785620,56
nk96iwJV1_p2HECYQW1ysA,29.96076740,-90.06808590,55
U4X-tzwvTzW8uWxs2KIPtg,29.95567580,-90.06520640,54
8UPv1p9GW-BiZtQqUt8nOA,29.97133250,-90.09238510,53
6Ty-KKWq6hLZYW8DWEHYvg,29.95818280,-90.06529740,53
EME5hqQLjBD7e2cLryupbA,29.95370470,-90.06601540,52
n_fUROdhfmLwd_mpBi55ew,29.95883123,-90.06107177,51
ku8cAVBLaF_4rI-yK6gNnQ,29.95600363,-90.06665594,50
9HvjjSwxxubIhG6E_sObfQ,29.96032920,-90.06378340,50
2DTkzhmMpv5fIPKheePClA,29.92113790,-90.09955900,50
S2Ho8yLxhKAa26pBAm6rxA,29.95221290,-90.06711580,50
jMZ56S8Y1t7cA1Ob-d-qeA,29.96322730,-90.05792770,49
gzMlFR9ViVCr_HUYPgqqVg,29.95713900,-90.06420800,49
Bj7DL3SwmYHZYqPduAsa2w,29.95540510,-90.06447660,49
BbnL_wJLB-EHvFx0dXuAjg,29.95486101,-90.06899313,47
IZZ_uR2ps5KuuyE0n--jVA,29.96151270,-90.04091190,47
g04aAvgol7IW8buqSbT4xA,29.95449446,-90.06659154,47
SJIQFKTW6uUsOo29w9IHxw,29.95666840,-90.06765130,46
eCikDKFbaeYVNdCD2beX0Q,29.96368708,-90.05763330,45
UGefDZNmnBztS0eoXWtHyQ,29.96133360,-90.03555170,43
DKtAKuOjI6vUAHhW4NR5UA,29.94450534,-90.06501613,42
3WU1ZobAqXQ07xYoKE2Vyg,29.95314330,-90.06779070,41
GmXC3CBu172Bkb0c6RnO7w,29.95544350,-90.06814710,41
ZDV6ocQSe6dkMt-u011xcQ,29.96082540,-90.06524290,40
8kh6Z3c8UHQKmsy0_TbOnA,29.94555615,-90.06990205,40
4WdDY97x4GdMYtyk1KQMnw,29.93212300,-90.07350463,39
Z4PF4EtM12L7nwOHZHFJNA,29.93909210,-90.07334450,37
g-IXI3v3fOudMsyLPKb-eQ,29.96656500,-90.05893070,37
e1WJ1qcgF2TBkoYzopeTgQ,29.96381880,-90.05766290,36
8NyDM-FDoWEEeEG9XUwnbg,29.95517900,-90.06535400,36
ZTctPm8-lBy0iJ9dFhYhyQ,29.94729770,-90.07150896,35
CG1Bb2MTraJYTHCPFm72XA,29.92440395,-90.08600218,35
yoQBK3OUDqWEFoUDE5lM4w,29.95883840,-90.06418470,35
I6L0Zxi5Ww0zEWSAVgngeQ,29.95584500,-90.06843610,35
nB7LcJIvZr-EbJj4oFZf-A,29.95336910,-90.07068030,35
FaY_9x8ZtsuHe5wS2iJM1Q,29.96212600,-90.06123600,34
pym7c6ZFEtmoH16xN2ApBg,29.97309430,-90.09591440,34
-lX4ufgPLYubI8rVxNM31w,29.95608290,-90.06403880,34
UnQriKTiNsYnyPE3Rt8lTQ,29.95746400,-90.06419800,34
Qlmusk0BBY0kMOd8Y96H4A,29.95503506,-90.06610000,33
yE6aDcbbK8pmvNroXnQYQA,29.95088560,-90.06874610,33
oFbwMxqaCJfIzAEmwaXD3Q,29.94996769,-90.07405301,33
oe-iacnzvyHV8zxaNqCf7A,29.95277000,-90.06644300,33
mRpk0A4u0hnF0lNe1h4hGg,29.93564200,-90.10412420,32
3db1R99-mdSvx3QwryJSNQ,29.94389900,-90.13392700,32
WNhcS2zi4zAqA2TbduVINQ,29.95466800,-90.07200800,32
9OCsSHr6OCSyR91BFIbszQ,29.95929170,-90.06075490,32
24f-qQokEN2UvBNHMWLm3A,29.95673680,-90.06639240,32
AhVvuzwWQU__CligbY4r0Q,29.93050600,-90.07507130,32
QA8QLpwf_YT9C2ST5YJ0vw,29.95507520,-90.06917490,32
nTBStZYJfHGdSZJbpaBiPA,29.95643150,-90.06451500,31
jXrhIVKcJ-upvglUmfC1pA,29.96028150,-90.06400230,31
UeYZgcORV2Veo_BZzdiaTg,29.95584635,-90.06518072,31
Fs4T7lKpXVtD5Pz7jWSJeg,29.92601250,-90.08253540,30
OCzo8T-76iJ_QVB2UX5SEQ,29.95663174,-90.06789651,30
oDETvkVkHw7CjZj7ZOZFOQ,29.95373030,-90.07119120,30
sitve7-2mPUQQ2bV8jLCRg,29.95535970,-90.06491450,30
JvawJ9bSr22xn4R9oLvl_w,29.95552699,-90.06815384,30
I0I2mkCOPTYVSLpc8A8VVw,29.94790470,-90.06749800,30
jar_5KMQZtgOseRdUN3L0w,29.92494330,-90.08531760,29
ECOUuwE5H1HHE8xBfNAjFg,29.95568500,-90.06388800,29
4w_TG6uA5bIxnC5tpkOb3g,29.96442972,-90.05791588,29
5CbJgHWgvjyDRw9Sl4BXhg,29.95849600,-90.06524040,29
OSi2ColCxhS9oCoAUNbPig,29.97232340,-90.09798820,28
yL9j5ASNic_DaDKf9lwMhw,29.92964720,-90.07721340,28
_h94BxrrFKPvzUIRx3Xkhg,29.95841840,-90.06610598,28
H41S-qS3NOUJSbIqWTuyIA,29.94862724,-90.06214142,28
3wo9jODQnuvBm8Gkem6qXg,29.96365700,-90.08947980,28
C26xmwM2_OgJJi2BbL3KkQ,29.95439239,-90.06874107,28
_LgI5387qAmMuS8i6h69cg,29.94657000,-90.06813000,28
voWjA6zfmXLIbKAoqwBnug,29.95480900,-90.06697300,27
TVDe34aKHkjaEOtCqffwbw,29.96012244,-90.05955609,27
04l8PYcuYQeEkEhJCbhtOA,29.95283800,-90.06605480,27
swVdc9piXvG0AXwL-F0GfQ,29.95332390,-90.07078980,27
PVieWiYn8GK9GSLnNFmOyA,29.98544520,-90.09517820,27
hPd6uMCjNglnOwwHpkY5Tg,29.95344700,-90.06517700,27
iJiNZw2TEwB579dr6LyVZQ,29.94231970,-90.13425230,26
mCRa6o1eEVQr1bqV4Wy6KQ,29.93759960,-90.07608190,26
GSOLNXG5-IPvNj0DPf3kOQ,29.95413950,-90.06608220,26
Gfegg1vwKJJo-EfEujQ-nw,29.92643760,-90.08013360,26
BHnCAV4_hgqgNZGdfXNJkA,29.97119810,-90.06770610,26
agK5cXwnBQozM2M-5kLvzw,29.95201070,-90.06863010,26
KlZvP_k_VEJV0G-6tTqnqQ,29.95671380,-90.06714040,26
H5KRna9A6mDQEJ2ZN0zL6g,29.92065550,-90.10007440,26
8jXmNMrGJ2acUG1R-D5e6w,29.92293874,-90.08848511,25
Meww6RIE4cFL_kG0aRlbAA,29.98051790,-90.09363400,25
oCbJpGl8IkH1WdYa25TDBA,29.96874820,-90.05109260,25
Bt7NBqA31uOI4H_hvasLLg,29.96536265,-90.05911566,25
stqWlKEgXweNQSsxOsHjVA,29.92253265,-90.09014368,25
R9TBf8VqGQ83kvdIxkC9RQ,29.96813020,-90.07854650,25
HKdAOvtDv47zPjceCjbz4Q,29.95498103,-90.06881475,25
ecI3FBTM0f99Fnml3kNKfg,29.95583220,-90.06865490,25
jQPg8OKiSVa-fwvd-XGzLQ,29.95422530,-90.06522028,25
k1yDRDZ4QCvNW9Wm9-IOaA,29.96218260,-90.06079140,24
nihvarTktbLi1CI_Dkep4Q,29.95902510,-90.06403410,24
TzkVUJab9Sh0CqDk2sCF-w,29.95730060,-90.06808210,24
yf8a1DOlqoqlKHuLSKEfxg,29.94582190,-90.13496870,24
uR7G8I4Cef9D9R340TN24Q,29.95044614,-90.06999861,24
u-wkhjV7CfvGJVY7hGULjw,29.94750617,-90.06345400,23
Cbktlvci_z4HwdqPUW-5cg,29.95608310,-90.06360090,23
WO-ofNAvSuJpdRt9Auon6w,29.94386000,-90.08632510,23
rsMbMeW7IbXxPFh4WwbddQ,29.94982892,-90.12780024,23
YrCOY3MmbmLKRJLblmSEgw,29.95571050,-90.06982730,22
0M1l6p96IffjQi9EZsdVhw,29.95316760,-90.06730470,22
YvrV_Tc9syF2Wch0HOIT3A,29.94406350,-90.06976790,22
OIbh0ZOemmphJR4Att3E6A,29.95702020,-90.06416030,22
zWfzgYe2nT9mHYm_vl1Ukw,29.98352389,-90.10525391,22
8eDkw7CE0NKqMknPIu26fw,29.94195800,-90.06526120,22
RTJiMomkeeDi5LZn0GhxQA,29.95503160,-90.06765380,22
RGXb-3iUuaORNWB_nt_RcQ,29.94438560,-90.06548580,22
W8YDBLJkvjVf0VUgXwE8VQ,29.95651200,-90.06819400,22
DnuRO4i1yI5REm5v1pUxWQ,29.97304085,-90.05642831,21
ZLrqw4KCwKyBlVqycUfNbg,29.95922360,-90.06046060,21
wVrJOXjRrPKIfZbNnrl3ow,29.96241871,-90.04288997,21
dpqDfbNpcIERkXVoE5S9Wg,29.95927600,-90.06098400,21
SBtjW_pKw3XaOKtKAavWZg,29.94189830,-90.07503780,21
miRxzEzV7OIShLQ5x_Lvvg,29.91740000,-90.11236600,21
dclL14pr7OojCOKJ_ZbMbQ,29.97542980,-90.09904730,21
60PRpOidld9weYzjWwlMaQ,29.95966600,-90.05954000,21
RPEMUwN_CDRRToQ_7hxsvA,29.94931661,-90.07642734,21
iJepNTdQh-vOBoIzmx-Kmg,29.93498800,-90.10756960,21
t1qF12NdW8KvCqxqbvy-Hg,29.96149492,-90.05869768,21
NHdE_ObFj7OjQBB3jjqBNQ,29.93824260,-90.07557300,21
M2h3vq8WeSiQAmyJtrPvbQ,29.94025200,-90.07421600,21
q6hWVlVeiCgMgM22wt1wfw,29.93472400,-90.10574400,21
5Jta7dTc7lteIyeMfLUJWQ,29.95675280,-90.06306020,20
ompDR5sUDpoI6gnTldmneQ,29.96340350,-90.05790920,20
lSwPJt2ZPX03tEpfXE1BFw,29.96375197,-90.05296378,20
hRskO0RDRW3Cq3k7_Kggcg,29.95052354,-90.07279808,20
UbFkHiEt9S-0mUL3RQ5Ghg,29.92720910,-90.07429350,20
iYUwyARgC_RNPA1rTlL3-Q,29.96470200,-90.13551040,20
psG_tTwM0Wcddk9cW7yw_Q,29.95273754,-90.06644859,19
zSqTndm5Alq9dW1PyzbdTA,29.94756710,-90.06511520,19
slzazSp3F_HhT-bTpw970g,29.96683810,-90.05411510,19
F9OFNrITmQ1a9glscJ20ag,29.95233000,-90.13561320,19
nePr9450kf-eEGYD-Qn21w,29.92583710,-90.08257400,19
Sad6etx6kKYxrpvWcd11MA,29.95593470,-90.06368240,19
x3JvbhU7wIYcpMVCdMMTqw,29.91701010,-90.11892040,19
i6YvzoCYT6vCxBxqD7nR-g,29.95405731,-90.07156943,19
zljfjg_zTL3ceGi_Vr4OFw,29.95214581,-90.06810665,19
j4kYliTkKf7k-oDqVgyXYA,29.94734090,-90.06558960,19
hkh5iyDeGLNhu-JUQFRE1Q,29.95576090,-90.06788720,19
BuQGsltd3B4L_HRCP2jpTQ,29.92502803,-90.08479222,18
Ra9zH1CBYtAC6vMfKYsHew,30.00483380,-90.11230710,18
Udkoo_WdRpHtVAWbALCvjw,29.92354160,-90.08688750,18
OINbC0rpDVJ5bfxt3LO9fw,29.96864220,-90.06794330,18
pUlpCJBYR7chLMMUKA5Ydg,29.96279370,-90.05800040,18
XkQadWW9bUR855KvPZBNUw,29.94803900,-90.06497500,18
9kv9JpLhzkN3UeWZDrsmEA,29.96296270,-90.04404400,18
pz9NQ_ItX1Vsy-vbSJuf_w,29.94124904,-90.07036513,18
M0YuK7sLLSA3TfBC4UkUzg,29.96100738,-90.06128718,18
snguCYg0ierKRuUTxCDH7w,29.95933480,-90.06520640,18
gLaxSkjWzt25hybkaKwQcA,29.92304370,-90.08820190,18
iQp3QlP4iynGTXgFqpZ7Gg,30.00487950,-90.10298730,18
-s6EMVPCBrsocFDuiMMqxQ,29.95860627,-90.06576823,18
MG_wIwRBwyNnCAEMXe9Jqw,29.95989100,-90.06025300,18
h8h1QvEQruTkBI50NlWsyA,29.94185580,-90.13230620,18
_iDDqhphfpvrDxKjFa9Ofw,29.92052490,-90.10396580,18
c3gwn7_ukRwGGIghHLi-UA,29.98640287,-90.07637046,18
TMBbCDQG6bENJoQSST0XiA,29.94560590,-90.13464520,18
SbuLL-8eSaUs-huaYR5_IQ,29.92760000,-90.09256100,17
htDRn1cXDyimxz6BJWB3LQ,29.94833150,-90.07186640,17
AZ42H2kk4JUiskC9NPoUjw,29.95297400,-90.07080160,17
Ssur8TPCIZWnZeCDQ9avQQ,30.02658214,-90.11346847,17
7ybQY-BKNvlzEEjIQOkA4g,29.94785710,-90.07214010,17
Xh08NmHdB86LexgXrIxr2Q,29.95983060,-90.06732290,17
dGeXdSMah56gEHwZNaRQKA,29.97381610,-90.10087740,17
LkCFcD-5QyNIUnEfO78npw,29.95673200,-90.06458800,17
8BhNur6_XKLjCDvbhX2CNg,29.95815810,-90.06516050,17
6RDGvdukSq3YHPYvG8sIEQ,29.97632200,-90.09963900,17
iC9Gis3-VspIr8Ox3e2beA,29.94989280,-90.06768100,17
WOdqMURCc0CHXUllPZwpqQ,29.96028780,-90.05964140,17
joxy9N8aJv3_6h0aaYuTzA,29.95278450,-90.06549900,17
yMlpyzvx5o3tTFI_1esgGQ,29.93891380,-90.06867310,17
SjiRaZoWaDpkCCpq5SsrMw,29.95667863,-90.06661845,17
5xRmemqmR89BpGoOA25hqA,29.96103300,-90.05888100,17
sCNdu_Anatq1BKuXD86A8A,29.94949542,-90.06278518,17
3fVYGQr_ldW2_1QlXJjpaQ,29.95668838,-90.06846249,16
7CRox7xpb3vNCEe7FZ6zgA,29.93509365,-90.10434172,16
P9xNwbMStRsHsVc6K5PDpg,29.91850160,-90.11648930,16
kBgiy6ulQRiATWFPZjTPKA,29.95590081,-90.06332796,16
aeIWVa6G54UUo6yloJkyJg,29.94972900,-90.12764100,16
u537LRjJmHI4eqMARsP9ng,29.95254400,-90.06888800,16
xoG-zabIUFngEhic1PEajA,29.92485387,-90.10755443,16
JhpRI9m71ybWHkAqRdL0Tg,29.93694334,-90.07685557,16
hS6KNGCQVTYUdLb2edt58g,29.95522271,-90.06271005,16
A0DYN5wxygYnX_sL3HygvA,29.93177290,-90.07338100,16
mBXxL7776PIpye9GRDLu6Q,29.92068400,-90.10584100,16
al3Ri6TEqa2rBzjHsn0T_g,29.95273900,-90.07117280,16
RQpOPNHJReRnrsCD-2qEoA,29.97423700,-90.10671600,16
z0MXYel0okwMqLjgMkKD2A,29.96939090,-90.05216360,16
0wZJkj-OnZ7Pmublspl7tA,29.95695750,-90.06667640,16
kb1Tf4xwb7CQW5OXf9zwqw,29.98045900,-90.09444800,16
lWPQeVAZInbNntRu6eFkbg,29.96111100,-90.05828310,16
7ZcA6w0UCRmeEjN2nyeYuA,29.94440020,-90.06537150,16
0g9XB5iLNje1B4UNbzqCPA,30.02584500,-90.11337400,16
g5ogvPhw3PSobtaZFkdEXg,29.94630330,-90.06906008,16
2QGyW4T6E_4iSltdx9i2RQ,29.92928964,-90.10276994,16
NYiL2534CAAbr-ynGVbhaQ,29.95947320,-90.06065400,16
gjbmwlYUImb2lQBp5LV3KA,29.94896075,-90.07487420,15
FSvFk1lWR0YBYP_-L_iLTQ,29.94734190,-90.12998490,15
-1XSzguS6XLN-V6MVZMg2A,29.94353710,-90.06537210,15
YNjyv0gfOr2g8lbmUpTnKg,29.95064672,-90.07442743,15
MIKYzWkBnbo3YUhqZUWlEw,29.95652700,-90.06775900,15
MyFC2F-5SXwXTLR99UWiqA,29.92435540,-90.08604770,15
D73evJ9PZKxO3E5TaThe3w,29.92690270,-90.09428150,15
eLjXnfYwkr8zz0VhwMhOGw,29.92045080,-90.10886726,15
UR9dzGGVfcJhHt_mG3bTRA,29.94707100,-90.07153300,15
guwb1zuNEMtJVproo0ntFw,29.94345490,-90.06734110,15
Et2yOijYQbWyR-mE0-z40w,29.94996600,-90.06967700,15
wtwDcp79klLOLaIjCFHQCA,29.92082220,-90.09879170,15
C6YaSrMAzy3jJqinlFVudw,29.95014020,-90.06880080,14
aIVk0IEUj7rPaAMeAmBSGg,29.97753860,-90.10001520,14
Wc-c_hQK4vFCl9keeVTUZw,30.02379200,-90.11362230,14
2HMf3ewAeMaeDsadJuL8DQ,29.95531280,-90.06845420,14
_393npnr0Dw1aGKy83x_0A,29.96303450,-90.05480610,14
f4vbnGoGo3eWorVekctVGQ,29.94419470,-90.13416090,14
CVmzqrekI1iYHio8pTyTpA,29.92070300,-90.10639900,14
qjP2XXjtLdlZ20SISqtAAA,29.94959950,-90.06814400,14
Trbe4JX-oLHrrVVPcv0wog,29.95663300,-90.06807400,14
0vi741BLMGl2QPeTXWeG2w,29.93574570,-90.07881950,14
ZgmEBmGQbSHj8YZgN2pPLQ,29.96381100,-90.04297100,14
Qo14LZITJ4fIhSdqOVsm6w,29.95818810,-90.06585390,14
xZileQFJ7h-0QKjtGc9xgg,29.95583220,-90.06865490,14
OoM2j5LPJC4Mofl2XQjBvQ,29.94629082,-90.06725693,14
5rScKeYVjFk8VahsvJv9QA,29.96233463,-90.11329597,14
Tf_Oj8uWRvXmqkEmntzTdA,29.92227310,-90.09192620,14
V1n-wIrt5xtI0VIAxIP5dA,29.92296000,-90.08863040,14
BCc22qCuePzF3j2AVvrkxg,29.94762082,-90.07110213,14
URxxeb2R60AH81IcuxJAvQ,29.94443357,-90.13360055,14
kYgMSD2obyOgORgd3RSE_w,29.93492070,-90.08025640,14
now2TRoUla_5u_tmH4HGig,29.96902200,-90.10587500,14
ORVWMFwF5qTWy9Cbahf0Pg,29.94818522,-90.06620391,14
0KTwW1eC1YAjR-zDr8w4jA,29.92689880,-90.09961340,14
xv_U__GI9gmzKIHT_TANnw,29.93848030,-90.07653820,14
wzIN0IqcNOnUjwuzRoG9AA,29.97373256,-90.08075570,14
yKAOohng_AJl22LgjBPl1g,29.94761070,-90.06807100,14
dN7AMKUhwTa4Kk0bdMRPgA,29.92263510,-90.09115940,14
JO76ifyAiBiRPNx_3S0jNQ,29.93773820,-90.07611840,14
FCCnOgjjvwQJBAy3u2fcLA,29.95401468,-90.06792381,14
jziRKhtHxeJPAPWS21jRYw,29.93546286,-90.07923602,14
lNXAV6t34fqAdGa3MrDxkg,29.95339440,-90.06558960,13
EmJF-xSIOaEEOWcK8UOBqg,29.96175828,-90.08831275,13
fFqiWGifimXWprqmQFLF2A,29.94205377,-90.07052094,13
FlyfDPS41F8R9f5KHA8g2Q,29.92084140,-90.10326590,13
aROhaLh-dqtt-h6BG-gn2w,29.95212060,-90.05112400,13
EBonJ5tjkxBEUezwosVlLg,29.93423590,-90.07230430,13
4nrZ42MbdzstpNZaB_Fmew,29.96116320,-90.06755170,13
WqteSM1GLr8FXefQcIqT5w,29.96133469,-90.05861015,13
Exh1uNhTSDR1hGivZBIylA,29.95463600,-90.06684850,13
OPW8NuOC_9FVFXsaHOO5JA,30.00508600,-90.10940835,13
l5cKnwfmnaG4QRZl7ZyNuA,29.93501720,-90.10445480,13
99dN-202N0EzRqdaOA_eRQ,29.94750400,-90.06743100,13
3wogQmKw729tKKWaVbZvbg,29.96005900,-90.05922300,13
TLZ3-eDPLhUzfsWO4ad6Ug,29.95541510,-90.07006190,13
dJ1ihpr-XH-Nt-CVrnJE9A,29.95616180,-90.06663930,13
I_FKWKPVpGts4q_HzJ-0mQ,29.95504145,-90.07107854,13
y-g8sgT7WkN16BBe9Vj41g,29.94219390,-90.06613210,13
SA10MB4CEw0YikMuhOxyYw,29.96090760,-90.05850200,13
TvbJq1a1Xto5w6t4zMUYHQ,29.97417150,-90.09743290,13
HJxqXDJFJsm3YVDYms0VCQ,29.95571930,-90.06845420,13
TdyHRkxn334JxtUSdGpIiw,29.97439480,-90.10616980,13
vxLV9tci88Hsr1G01uleag,29.93894370,-90.07599980,13
qF8jkN4q4SajC4p4nKwjgQ,29.96218260,-90.06079140,13
ZLR0o9tuGaUAdrhJE2z69w,29.96427180,-90.05791430,12
DkVFvHGyNBGuPMzI9Zdt1A,29.93511090,-90.10886620,12
5fCpIolPWznGdz3D6hjrvg,29.97425700,-90.10678400,12
9ruUYAz35q6mgUpxb5zZhg,29.93951797,-90.08080292,12
bSJczuohHVko33UT82hnfA,29.94839500,-90.07528100,12
LG03thDHBO4vRcYZ7g_zmg,29.94605464,-90.06600709,12
HhD8DLES5ZeULKDXmfkOOg,29.95076940,-90.07479737,12
eFtQDmNER9pRB9YdPxMMXA,29.92506780,-90.08502390,12
wYdlP6g2y6gK_RmLrPhsGA,29.98068780,-90.08539850,12
-A2OLubXDsMRPNN7LqohPA,29.95504000,-90.07687690,12
oLc7k78_YcDMnMCdbC-h1A,29.94641390,-90.06754180,12
dbli0TD6YQfbnWTv-43KLg,29.93667250,-90.07777920,12
UKpPU6X97oPd-dkCK8cheQ,29.93909861,-90.07577975,12
dul6XjaCh1GgA-YHpuChUg,29.96048000,-90.08832000,12
0aUlooXPSltR7-s7Wfsa6A,29.95537900,-90.06888200,12
aG1m3tufKdPsRiberh6T9g,29.95119900,-90.06988330,12
ObZu0-S1VAqAuCbAF5AFvw,29.93213370,-90.07459040,12
d5IbvRTwnvmaHg_wiq0XrQ,29.96276730,-90.06611870,12
fpi78UyYCZ-RSoibWc-NDg,29.94420417,-90.13404494,12
YjKuwQSJF1ErVYqRufXJMQ,29.91739000,-90.09623200,12
aLsbsBbaJzYw3chcdQlCIw,29.94383520,-90.07863570,12
Qmrw1chFGn3skbWFEyxYCQ,29.91713350,-90.10248870,12
iN5-tzr6DV5q865R6NteXw,29.92355270,-90.08700270,12
YxZJXr_a-Oie6O-Lk9C6zA,30.00505720,-90.10904950,12
dRhg8Pwh5-8bYqtt8Zuuzw,29.96068800,-90.05938600,12
N1Kv9Uxx4ZHeooGcpNe_RQ,29.95946100,-90.06025700,12
gVw224_IlTrx3KHEgFBtMg,29.96294710,-90.05789620,12
kFwYrDiiVuaEuw1WIV260w,29.92169870,-90.12014650,12
SI3q166YxgbxzQxMfpiWjQ,29.94630930,-90.11293200,11
ndVzILWR-DJXpfOlHm556A,29.93508869,-90.10915853,11
RloVMlIr8kP8Sn609loBTg,29.96286627,-90.05786639,11
FQJ4ph8e1SMz5YWsdH2m8Q,29.94015270,-90.07518770,11
htx6Uime2SkiE-zC7hxb-g,29.95405200,-90.06717300,11
HhR2Lw4DxN_XKQZHG_TImQ,29.95587610,-90.06297790,11
npt8cAWD2lpu9QCEpeS55g,29.93911262,-90.07515763,11
ft6I8fOrKQtVdM_trVXk8A,29.93482270,-90.11013830,11
Vnob_w_Aohf7ZDqxcJ9z2A,29.93492287,-90.10955024,11
hX8mDoDLluKNeKwU9mShJA,29.96295200,-90.05750790,11
0UJqTczta018RoktahC0jw,29.95894790,-90.10489130,11
QD48BhLk7lDTgOL_NiVCCw,29.92172670,-90.12065040,11
79OES-kMb3VGsdy0nG6G2g,29.92173792,-90.11913753,11
rAMlyZQe5eFrdLRVQfY4ZQ,29.96552440,-90.06257510,11
6jgvwFE85C4AQApQRO4qBw,29.95351840,-90.06592710,11
wjZwXKDiFBQXlO8-TjQTXA,29.95503340,-90.06456790,11
xfY46Z-nBtX6sZQLxrdxhQ,29.94529600,-90.06721980,11
HEf0QXnhxrcIWxRfAbQ2iA,29.92166450,-90.11855500,11
gC8i-lxwvGhVpOXM5eYdtA,29.97536780,-90.09916350,11
9xErhLpjFcoA39AFeN3lUA,29.98032091,-90.08311792,11
6K8LDVqNi879PTSHBW6_tA,29.94902040,-90.06642020,11
tsaifr1x7MHWsUngvZ1SQA,29.94395900,-90.06539200,11
3aCIpZgIeDwB1uQBAaPbKQ,29.92930470,-90.10450650,11
PupRtvjjZJcLzIlkMw3hpA,29.96228891,-90.11771743,11
fIBMKVl-dyb3KyM11UBJPQ,29.93176860,-90.07469490,11
qt_E6txwQ1h62wyv8701UQ,29.97873400,-90.10200570,11
WaRZsQEcEHwRk0T2dJ-cuA,29.94581220,-90.07127320,11
GIo6CTonm96GbnHqLsw04g,29.95334880,-90.06628290,11
3wq2chcgOs5D7f6KHcINmg,30.02025800,-90.07676900,11
X-BZp1KMgGzKkf_92Y3fWw,29.95343030,-90.06515400,10
hlrVKuPCxH59Y5--4RRLJQ,29.96028630,-90.05885770,10
196CWwMAtAcA21jYiMyRzg,29.95722527,-90.06384322,10
E5YB7NywtfmQ2_rpxtjmKQ,29.96424650,-90.08608420,10
TUTQeLjq1UbkR5r8mOvMqw,29.92051900,-90.10952140,10
0eOeiknYEwjFOywy9pe4RQ,29.95504958,-90.06456479,10
rrNF0siUBVQOOgsFVfGpKA,29.92735320,-90.09610740,10
2VFytje8_davOPXcHFx_ow,29.96911500,-90.05399900,10
aPDpK9mHhrabKyspSKME6g,29.95684750,-90.06838180,10
8ASzjS3ITg5bQSyObsCx5w,30.02134740,-90.11427410,10
9TDyIOrSrncpsAUxVqx3aA,29.94726950,-90.06891090,10
zgpx6YqA7KeY9-3xbNEn3A,29.92608700,-90.09396840,10
Y1FU2s1OytJGdXksraIGFw,29.93504914,-90.10457933,10
pllvqx8yMnLnQVFjj3oYGg,29.97505480,-90.09954040,10
BS7OnkMycH8tD3Bqpz2FAQ,29.93240480,-90.07454890,10
Em8g9eo0cKkwYVaHmGiKMQ,29.93486930,-90.10478170,10
INeL2YsGJRX-QulzFRKKXg,29.95771010,-90.06210490,10
UoZg0xZepdMXbK_2dtT2nw,29.93000810,-90.08707000,10
7D5-a53BLau19RpMu-L3zg,29.95371500,-90.06513410,10
zvGNZF827KyzLupKiG4Xtw,29.95752580,-90.06936650,10
R7I-L_gNlZZyvVspL4Xlhw,29.94790470,-90.06750540,10
M-6AXSgmDMYcWsF442mzzA,29.94091210,-90.19456070,10
cJyQrgGznIyz8yvyeuaRyg,29.96857960,-90.05487550,10
zYyVEC0IF86xSHF3GFmvkg,29.92076880,-90.10058040,10
wqGkMLZVXc0pYVjr3zDrpA,29.95834010,-90.06692150,10
SdU54YlTaCCFvtcfouoBpQ,29.92043545,-90.11276449,10
ZMkZj5YsBW3XHH5fOBh6fw,29.95693900,-90.06849070,10
mhj9KWNqKnEAb55-94ZzfA,29.94789680,-90.13069420,10
QNq_X4ImJkPKyVll_k6ViQ,29.92045740,-90.10321110,10
dx2pIe26LXqhlG1ay_doGg,29.94954610,-90.06449510,10
JHyxZ_rhJ2DziKQ9BDsLtQ,29.97178100,-90.09846300,10
lK-YaoQ670dGJrmaqyJTBA,29.94713760,-90.06561320,10
_QYncK8LjXswVYZ_jv_q7A,30.01295260,-90.05987020,10
k1-3XZUKemdtDPeej9KI7A,29.93130200,-90.07389069,10
M1hsyjJDdQQeNP164FJ1pA,29.92451615,-90.10913621,10
06NHXjVHiGKNpZ2XeajVkA,29.92099520,-90.09912770,10
solZespjuuKYogZQHvXEGQ,29.94787760,-90.07541070,10
dfqIU-iEqKh1Id8p3gDO5g,29.95268040,-90.07061660,10
jKTWcdyXPw_cGUp9fKqapQ,29.96489990,-90.04295410,10
3NgkGlI1QrEc-5g8zvVpKQ,29.92936789,-90.07683165,10
5AOkxsg6UJQ_CoJTMBDUmQ,29.98346800,-90.09815100,10
G4kmb7lGpbER5Jd2Al2TLw,29.96490854,-90.05128372,9
5HZPNcMR5dHQ1OyOb-RDgw,29.98028250,-90.08403960,9
dIQGbalj-3I8vixZ4M149g,29.92792930,-90.07896550,9
fsFZQ2ZbTutgUlnWPhTU6A,29.96022567,-90.05909711,9
wF-L8lZGy2H1q_06KJUHwg,29.95630760,-90.06398010,9
x4K6aMaOYvGhC5jhFJP2Ag,29.95627647,-90.07895721,9
L_P-FSan8ln6Kiybel7Yrw,29.92148130,-90.09332260,9
kouFQZiu6lK59nxRLP6LsA,29.94986630,-90.07405620,9
3DKGhJXrqhVOQGFNiSp9Vg,29.93580340,-90.07862980,9
aH3xlewNKQk5K4mEko6qQQ,29.93501220,-90.10714250,9
XNllgtbX8Er5sixIrJMEoQ,29.94074710,-90.06915800,9
8R-ObAoppiDpucPYjyncUw,29.94505626,-90.06617870,9
hLlDzRaDGN-0SlEWk0xTpQ,29.95113000,-90.13486390,9
x063XOQJCfTsKvS7iPLSsQ,29.92541500,-90.08425300,9
rUxxJi1tlSljiY_kTasUKA,29.96376490,-90.05794570,9
I-23nT_0H9lEW8qFHLQ1pA,29.96444800,-90.05915000,9
wBa-Abx8y5SLOqbohCA4nQ,29.95626720,-90.06269830,9
qltayRFPZ1GiSMeUkeF3Dw,29.93515618,-90.07964723,9
D8hXDsv3TG-i2dvzgY5kLQ,29.96416700,-90.05791200,9
YwezxSSXcrT5GOTI5MddPg,29.92059460,-90.10105610,9
-vP_oH77aIgqITqWKn9uog,29.95529290,-90.06654750,9
riDBd3fB1ZB9Nm5ybaxswA,29.96019580,-90.05936850,9
TlokHyfEx0HxFYKDkvpdBg,29.94314766,-90.13107300,9
-psZLTe6IJTQUB-bZF7Zyg,29.92891470,-90.07741420,9
nM3dJkSIWuw01HoJyKt3Pg,29.95684840,-90.06885560,9
AWnzFqIrlkLAKTc46_zmEg,29.95350789,-90.06716318,9
vwOJ4yZH1I85-T3dJyr2ig,29.95244180,-90.07299780,9
HDNeRsScQG_YQevwNPOcJQ,29.93937900,-90.12909700,9
9CRWWbw3iOo4-9FMAO6nKw,29.93805410,-90.07119120,9
Ye5nmTmZ7cL7BQshqZeIWQ,29.92004020,-90.08122950,9
UmjITdXHhEF46ho6IhaGQg,29.95051619,-90.07620402,9
tk2kG_HL54lqiue6-pXQdQ,30.03597900,-90.02567200,9
s6Sp7FLtuUmErh9DwrdpMA,29.97531700,-90.10031100,9
BJBSwMKADtYjqFDCL3-zkw,29.95445000,-90.07052000,9
rQgvzje411OZY2p9fLdycQ,29.95612650,-90.06731670,9
isuOwjnrPrr1bRELgQM0aA,29.94319600,-90.13140000,8
QLUUaTj034zYVWiVl9tNvA,29.94921530,-90.07060260,8
ydmJoaK1PMlwLvMnbFXf1w,29.92368198,-90.08683634,8
Zu190KfU6xuNaOCDfthmYw,29.95507544,-90.06891915,8
d9OTctJEITa5DmAvWpKfoA,29.96848640,-90.05493590,8
ZapDvyE7lJxVxlmeeKyjkg,29.95003960,-90.07368900,8
Y9QwSBlJ8DRvde-udRp2yQ,29.92080220,-90.11601400,8
gUyfJlJRxu1fHuZ4dpBheQ,29.98090820,-90.08503800,8
EC20rN7JtmAPIxcw3MTzcQ,29.95861210,-90.06491450,8
XyunkhTKBteNo0Sbap8R3g,29.94516400,-90.13403000,8
Apz4sB97NRa7iTPpznQLFA,29.95758547,-90.06581382,8
ar-SQg2423FSVxRcaxorVg,29.92078290,-90.09922630,8
V1XS9HMe9bzEuW4RZFycBA,29.96449050,-90.05617320,8
fKAxmycMFwO9qWVUAOQzOw,29.98145100,-90.10724000,8
Edg22x3CZkIv0GUib2oEFA,29.94862362,-90.13125028,8
sdFJSq-EgmtplIwUamRwTQ,29.95725550,-90.06701770,8
FlDkxuO6MGrW7x1OJTtJew,29.94517040,-90.06960370,8
hJhqAfuv2n6W6DUwhVjaIw,29.93782560,-90.07589630,8
cTSczU-9-cYUEM2DlNJcQw,29.98050405,-90.08427448,8
QX96jNeZ15qm4xgw5AW5dw,29.94837690,-90.13067000,8
XEuryfYZwcivUtijaZ5laQ,29.95057014,-90.06563902,8
7GmQ9LYOoHuvsiaIJuLykQ,29.96109960,-90.05838350,8
b92dSNftvCSPWLC4ZgNXCg,29.98900120,-90.05887680,8
cIBr1KeRLTpgvTpF8z2nFQ,29.95351000,-90.06754700,8
PDpEFp0lCsXtGsUO1WPllA,29.96571410,-90.05102210,8
e-fXMT8R3j7BKMTh8xn8aw,29.96757430,-90.04486521,8
kdqoDMuvyNedsouc1i33vQ,29.92340600,-90.08748500,8
iMPv0HqHFbBYs2lEW4_Acw,30.02821400,-89.99165700,8
-e7vSLH84kk7mzHsesL0Qg,29.95799700,-90.06411800,8
pKvKZCB0fq4KgtK2Pc0yaQ,29.96712410,-90.06156400,8
YUDcLokFMZOtyWAmVY3jwA,29.95652450,-90.06274000,8
6_OAIFxSk3YjNdRJv59Saw,29.94526070,-90.06974970,8
FzHVtXe8-3fFclRBUI9YdA,29.92451400,-90.10878100,8
R3T_74k4uj2R6chmCruY1Q,29.95468100,-90.06930100,8
MH2l4IMyrNyS-E4AfxbrIA,29.94226750,-90.13031740,8
aOQxfwzQIHclkeg1jH0NBQ,29.96027505,-90.05861746,8
WSi08gApEgsS62TIE78J_g,29.92077233,-90.01226243,8
e42VEvA54BcgYadQ5dtykw,29.92074620,-90.09960240,8
GUgIOkipkxvabF5jQCctVQ,29.96438600,-90.11086200,8
6TyzEgzDOhKa82UFjXFdwQ,29.96069042,-90.05911202,8
vNUEotvnUX--fUfGWhivGQ,29.97576570,-90.09874920,8
OI2J5UsaCSD1xFnY0psJ2w,29.95151580,-90.07290650,8
wyXUQfes79poDhsJpk6AjA,29.96384085,-90.04856341,8
0yEl45kZ8o37lvpkhCBM4w,29.95338970,-90.07442120,7
JIxyIXx5GmB2kSnBaRVPOg,29.95313430,-90.06835310,7
KZe5kpIHWVuJl6WgNYzceg,29.93673780,-90.07763080,7
ILUd8DXxX21FOgUmE4bTLA,29.96309930,-90.05771400,7
4-_I1gz5Jne4z4SN3J5Zhg,29.94148960,-90.06750540,7
dBOVfp8Ub8uO9qUPtw92_w,29.92195620,-90.09276610,7
rOsC1rDpIxvNoHxEvNFjeA,29.95344130,-90.06752670,7
geuZssQDB8yblCpFYwoqAw,29.96023874,-90.05975995,7
voAosWO5yGhvppHRKm-7mQ,29.96021490,-90.05942000,7
LOUm_-VWYI32COPsU_-wWg,29.95630920,-90.06932320,7
wrT5DbuM24B9ExBdSSz2_g,29.95787100,-90.06427700,7
3nYIq4THGUOgQCAF-mkd7w,29.93068790,-90.07529680,7
lmcrVOvJUydTmnZIAIZlAg,29.95140430,-90.07033360,7
m-h8E4C7zx-BjtTZT7gzGw,30.01882900,-89.96991900,7
fusQg9Pj0xUC8CzbO2IHrA,29.96047087,-90.06265902,7
tJhIqLwZnbBl5FKIChEIQA,29.94884030,-90.07393570,7
sZ6ZdSNinpgOfdq0k7fJiw,29.94624600,-90.11291800,7
qi2MFcotB3YgiC0SJr2FmQ,29.93510300,-90.10852300,7
EHhwVLuIIrq4somySU0m8A,29.93516257,-90.07971429,7
OSrZ4BMMXaLSb5sxFpmA-g,29.93150470,-90.07354250,7
Q2mR4I8LdkYE-Tw7_-s-vw,29.92029753,-90.10625605,7
w-0Gm5hKaX6mHRXoA0Ylrg,29.96036270,-90.05911190,7
m0dBq-YzfRbRsN4aJF5MIA,29.92917720,-90.10386590,7
MqFQqNhMRaizyVRwsea6EA,29.96238090,-90.04267630,7
OBvAvvz04spDGJA5yQ2ueA,29.94135850,-90.07435960,7
_-otZU2dbPrEZyaVSMmvDg,29.95748660,-90.06582560,7
b-ovJ5Moe92RBCs_jI88kg,29.94879590,-90.12853900,7
yexVj09OH5n_X-MT_Lq5rg,29.94823100,-90.06572700,7
3UHXD8T80OUFMCzLb3x-sQ,29.95357600,-90.06918300,7
XhGLpXHdnA481n0aHDdkpQ,29.94799510,-90.06614470,7
MtzzWMHEPQERkaNAd13eYQ,29.96812420,-90.04538470,7
0JmFfcBbIux_vauRNWzD9Q,29.96417690,-90.04357410,7
YdxHpdqppWRVo0xgf5ojJg,29.96400420,-90.07305000,7
ZMx3hds9eH24geGkuOQN0A,29.94243980,-90.13425120,7
jEpTPqsOxic63LmQpGX76g,29.95389300,-90.06783200,7
oLNTzsLmr5LMbBCA2SQWqg,29.95631440,-90.06273140,7
b8a3qRSdA_QMtLIICWoctw,29.94437230,-90.06560290,7
GG-DeOjnmu4V_opx-MIfvA,29.93573166,-90.07797906,7
BsgcLUWlc6RvvBRiAPWj5w,29.92408900,-90.08629500,7
9ng2rcAA3Lb6m_t4IY0QcA,29.92498442,-90.08495863,7
rjnjqqwMLbEGs5m16u2cGA,29.92681490,-90.09212950,7
M7Y338g9JFs_0fNR1RA82w,29.95392900,-90.06836310,7
jLerIZFpe25jOUf722qzBA,29.92940400,-90.10496700,7
W9SliuSyX7N0XoiG9UFNdQ,29.93098497,-90.07492549,7
o5UrUOKcmj5GFXmB6Osb6w,29.92200130,-90.09292150,7
iZ7-gwaBWYHiWhez4514jA,29.95359800,-90.07492100,7
H6qwTMghkuxOoOHEheYo-g,30.00476060,-90.10331430,7
-fJPJP7iOd1ukDNqTSINIg,29.95179930,-90.12044970,7
yJYriI9Sbw8E4wmZUXglWA,29.93505660,-90.10664940,7
K8O71Tb6xcza0g1MU608ag,29.95684750,-90.06838180,7
aYJjJMN8heS2PmkvsQzaZg,29.96545860,-90.06956690,7
PzhPMkaNYiKDTHoTG0r8rw,29.92118680,-90.09451890,7
8KnMSrMuTI2AtHZ2LOI8OQ,29.96492500,-90.04296100,7
MwonUzoiUq0dpEVlIVBryw,29.94082306,-90.06815534,7
ngosa7gVH134bQfXR5JboQ,29.95141240,-90.06569780,7
PC62l488ujL8i75jrBiOlg,29.93821900,-90.07129700,7
TjXbh5PwgCOFkvbi0_qrmA,29.95015282,-90.13285368,7
2MHNvEPEGxvBxZLXM5ESpg,29.94755430,-90.12975350,7
rvF-BwyaCHeb30u3Xf7FbQ,29.96688290,-90.05495420,7
Hz0p2RasO5tjll-AdjpJqw,29.94198730,-90.06608220,7
uKXw5zfNtNw_eJW2arHLFw,29.96857870,-90.04567310,7
J1bG9ezYHMkzqV1yRsVtQQ,29.95084150,-90.06655660,7
nrXtCSdfWg0TJ86onEZWkg,29.94838564,-90.07547914,7
l5RR424DtNZg6mDcvrAixw,30.00398670,-90.10420780,7
sMhdwnrxQd8NWPCxLKqG2A,29.92492780,-90.10912870,7
rnXMM1jS9BMFabndBC-bkw,29.92224940,-90.12129640,7
ArPLE_RTg0h7yzkN0KwzRg,29.95126792,-90.06688591,7
5GtSeo2OyXeSveJn5Ojxig,29.96263080,-90.05783420,7
1-2o_s9TE1auWIivBjdL5g,29.94185060,-90.12900700,7
aPs-Pf4_CLWcFQcMnbfcUw,29.94715400,-90.06715400,7
NgEy0AX40Yg4Bpon61wbEg,29.97601000,-90.07577000,7
2Sgt5ekJ7F785czScIZEYg,29.92039035,-90.10278331,7
oDFl0JFPDywE-ZKS1Fp1XQ,29.94139000,-90.06487300,6
jE7PpEUmWgcBc0DeelPAOA,29.92188310,-90.11954160,6
07D-uYB0PrSYUVpbKeojJA,29.94983947,-90.06646797,6
XRfhf13PcoxjuOKMKfy9WQ,29.98337160,-90.10588210,6
q4aAaxdN4wmUZoC6sKEwsw,29.94430700,-90.13432540,6
FtkYGVPVCRuuhQhYJBSVQw,30.00834290,-90.06444030,6
5l67axuAa5EmEV3lLuSa1Q,29.92331290,-90.08779860,6
FiWGTyWJs4p4dLQc8P6-pg,29.96260114,-90.08962199,6
q4J6N6W6TrMXbtBAdTPZew,29.96386990,-90.05168220,6
Fj16uG6BNZOq5K8mS2HHiQ,30.02063700,-90.11491600,6
aEl6kgpPPXaaFK8UvFz4pw,29.92105820,-90.11700490,6
NuI532ndKlcbevcw68YCRA,29.95766362,-90.06210637,6
N3bjowmk_Yi9rUxPpM2k6Q,29.95198500,-90.07173540,6
y0CPKGHQBPH-maFgP5IFYg,29.92691160,-90.08084550,6
1ddqdY_piKp-abaZ-bGRSA,29.97332530,-90.08102440,6
ALjOBKvlyT-lcLFihD4P8g,29.96026600,-90.05975120,6
2px6TBM430hX0T49rm95yQ,29.97765300,-90.09839300,6
0JlxuzzDo1Sv89S9ApI9Ng,29.96604150,-90.05111200,6
BK3KoKtev1h8e_GfmcD-iw,29.94514890,-90.06765130,6
g7uv5VJ645cCh0ofch6KTQ,29.94219440,-90.06595450,6
F7etLf6od7CUnCPknsQ-6Q,29.97533660,-90.10028000,6
6Y61FisC5lEVxLEaMzyUUQ,29.92564510,-90.08303580,6
ga7jZd-JccpMqdSTgY2lUA,29.96325070,-90.08907820,6
_ryfTHjXkK5AyEl1gDGjlQ,29.93891117,-90.08062916,6
BRJwJjDrnO4OA4MTCK3mcg,29.95423510,-90.06948000,6
Zt7SfTU6N9SKDvVvpNpoGg,29.93505660,-90.10664940,6
FxeakFEI6gObK0CxcOft-A,29.92444992,-90.10863495,6
49C1QPz9uxD-UyuYwgPhBA,30.03831030,-90.00929020,6
7kalppAJfFqK0UvvHTlHeQ,29.95239007,-90.06707952,6
R7ZqfB-4Z7jyl73iQ58nEQ,29.92432900,-90.08547300,6
3NNRlx0GS0mzrTYCx8m8FQ,29.94640340,-90.06878530,6
kTxLcpurQVROk4jmiwjCBg,29.98624840,-90.07648340,6
OjXIRs2Gm4H6hWo4bC7Qvg,29.95572500,-90.06801100,6
FyDQ8QKKjmBKagZ2GhNb8Q,29.94821290,-90.07217820,6
JlHO0nd0yXCQbiIIvJm2jQ,29.95890540,-90.06558960,6
HUcjSm1Lxdn8zSu-hQ7-sw,29.98033860,-90.08419490,6
4-vRC6g1LOXyXXe4EfxBwg,29.96990280,-90.06867310,6
wwmlA6z3OhuykghM7f9RkA,29.91987454,-90.12448046,6
Z4qfMpj8jymG3_XjTBKN0A,29.94674334,-90.11291077,6
cIzp7QZOaUyRLl3ZcwsrHw,29.96211910,-90.08990730,6
Hp3Ony7yW60VPuWHQFIIHA,29.96397400,-90.04260420,6
ZGznjpkqi6a_It4lAgCnYw,29.92126070,-90.09783210,6
WO_5ViN3KaeYZaAxTSRjdg,29.92944740,-90.10500090,6
ZY2feSm2sc5nTXYHnKpMGQ,29.94986682,-90.07689438,6
Zh1JlS8z9pqJ39vs1hW7Ug,29.95890540,-90.06550020,6
O0r7Ocj9XmXvwm8p4I4Nqw,29.94755700,-90.11336100,6
usDBroDL-Fns6qfNTUBjJg,29.94901900,-90.06287100,6
W-LtYDGHDF6j0I_810hzuA,30.01295510,-90.05069320,6
BrospeMqVM_tF9HH0RHuog,29.96839910,-90.05734910,6
SYCGlb0WFyyVxD2K9Z-YuA,29.96644700,-90.09992390,6
UjFLIhKTOiFcQiziOA9rgA,29.98062600,-90.11419700,6
RA5E6BDiAzgSmsxdc1A4tw,29.95461390,-90.06584500,6
h2DidMy9Q9qyGlQ5xaecMA,29.92319911,-90.08868333,6
5qVG7T82jRnKGR9O7_0cFw,29.95303300,-90.06938500,6
uvQQlr5ye4ReQTxuyB7kCA,29.93433213,-90.07998343,6
VCjvaX_78oEKG3I9oTJEag,29.98059710,-90.08414030,6
R46XVcmUzy8qeerHyZQtEg,29.96215110,-90.08990020,6
6bp2Emcb08eahoHRJ6yHPw,29.93983990,-90.07535790,6
yY3kq6_2m1FyY9MgaiHgoQ,29.96050880,-90.11589600,6
XnVmNQdmyhdCC90FRY9ZJQ,29.94763970,-90.06546320,6
skJ1w8B5YusIibyxH4ohxQ,29.94648280,-90.06511520,6
5bT-bq-u8rEjBopZg4LCeQ,29.95202150,-90.05466230,6
fkEb56M3X6vDJZaoIaDObA,29.94212370,-90.13014820,6
sXSUzImYOcRRI3xtG2M85g,29.95809940,-90.07205950,6
zI0OdjkdQqD7az8aM6ppdg,29.92358680,-90.08681440,6
Nm8N8GU7pYg2rnV_GlwrzQ,29.94982044,-90.07329318,6
boKv2_AvOSF2JRwrSoRI3g,29.96416452,-90.18689136,6
X-ZgevJi7i3wf0RjsBLG1w,29.97337150,-90.09523590,6
11qwVOxX-Z0bWAnfpVLnlw,29.95255650,-90.06976790,6
854d-ziK_hQFmbNdvF3ZsA,29.94874679,-90.11995073,6
WPjeA9CWv-q7utSdnXmdIw,29.97538340,-90.10020570,6
103cmgKE0n1Cb8QCEXvbQQ,29.92417000,-90.08668800,5
jKPqzmOcwqfYBqSk7DS3oQ,29.93519900,-90.10494820,5
17Pvr_u1h4EFVV94TZI6ng,29.96258140,-90.11284590,5
qYjQyfMw_UOJztjmapyHTQ,29.96323020,-90.05188510,5
GiE7HJbxwH7-xI52DR_UNQ,29.95592530,-90.06296240,5
Rka3xU7Q7uCFdhPbFaQKCg,29.95842867,-90.06156683,5
z_37EXfWEVMV4telxsbGMw,29.94942900,-90.06280100,5
KdFDat3pxdHTteepD0gucw,29.96396490,-90.04363170,5
Jy1ivHnSRtNNA6snZSAKBw,29.96834551,-90.09990625,5
WENbCl6Z11qLfmolyOfaeg,29.94398298,-90.06974457,5
MTTbnLFMfvMc5tzed4p4jg,29.94898500,-90.07210000,5
_NfEP6cuFSz7bd-7OtiJ-Q,29.96303740,-90.15171350,5
4E6kHJ7yxDpu43L8he6F7A,29.94935310,-90.13269870,5
FdoIc2GfFO35OzVVC4fi2w,29.95147060,-90.07297950,5
8L0hQvh5JCg4G0jdZFmUFA,29.98241050,-90.11020700,5
WqcYEk8bGpAi-fKtH-kAoQ,29.94087610,-90.06821310,5
7gtWQMLOEwCxh1I5j6uB4g,29.94673688,-90.06751918,5
cQrpOysPJFa3B_WEHsNSqQ,29.95491400,-90.06865800,5
i5oTNLL81YW4Y9-xdGb4xw,29.93560400,-90.06925930,5
jqizXUuIQmSZ2gloidWUMw,29.96045434,-90.06111460,5
b_WqANUY0faWZOpMNiBLew,29.91906927,-90.12508528,5
BfkqPDZ2Tt7Afhp5gn3wfw,29.94938490,-90.12765150,5
Y2NFeGtConx1qciSPKcRlA,29.92331270,-90.08758120,5
9--QS5ChKDYf4POHKujoiw,29.94255110,-90.06785200,5
Xjp2aV-s4peSgr7rKOftFQ,29.95720463,-90.06724300,5
5qpBxIg0n6jxkHIQHJSoZw,29.94202969,-90.07039122,5
7dLQkwWU2fRqTlvplg0iMw,29.94683170,-90.06753270,5
lpHnM-LPShWWMylulsA-VQ,29.96662621,-90.20530388,5
suVYxo-uPNTlpkJ7w7J-wg,29.94315620,-90.13353950,5
wIdiqDp9bbCdTIfaVQn1rQ,29.95898800,-90.18393400,5
OKNuLargbuXjx6dvx5UwAA,29.97873380,-90.10218840,5
I6AzZdywixry7O-c0GXDEQ,30.01202750,-90.06069170,5
2EOinQpyU4ChpyJ4KusO2A,29.96730570,-90.09063740,5
bWMpAxTtVKpNfuVK7xMjQg,29.93486930,-90.10470870,5
6OgkKH_W4FjSsEql9trqGw,29.94907780,-90.13537640,5
QsgDdC2znJ763rFHilncZQ,29.94216710,-90.06783380,5
zlNtAPz4GvSUiljQ-D3cvQ,29.95095660,-90.07306330,5
Y0JF1UN7pfWJ-GuzuVXM0g,29.92100000,-90.10212100,5
Nu-DLt0yxVO89R0FsSJm2g,29.93936540,-90.12913390,5
v-wVkCLas3yapQ--sBSQ4Q,29.94127070,-90.07413450,5
nLxzI1lBOFNTKEnoip66wA,30.00379180,-90.10365940,5
3rRESenaBw-AyT0Jt7eJNg,30.00487910,-90.10587750,5
WzEzUDTWr4UQSQykujMwyg,29.93178000,-90.07337370,5
mhI0-30BOKtoWNmUJw21Ig,29.97854911,-90.10292608,5
3kc7vVRl845AknJtUqGRAg,29.92121100,-90.09371500,5
JsRBXqGj0qeMv77sNXha2Q,29.96139400,-90.06736700,5
srPwdMyFdHxvRkG9P_sRDA,29.96418700,-90.04357400,5
W3vh-SwbjqvTWczrDOsKgA,29.94882750,-90.13191280,5
7eguS2DuAG-4B9EAHAP5Dw,29.95111100,-90.06992900,5
WT8Xrlie27iXnZAzsrf5ig,29.94944380,-90.12779280,5
HV7AHORTkLqIfhR-tpRmzg,29.96008360,-90.11345020,5
J5wx3AY-jkOqt4sTDq2uGQ,29.95088900,-90.07508600,5
ujM10t6IRJGA2I5mYpd8XQ,29.94722001,-90.13034999,5
0DdmKihJ90qKP5TAM3c2yQ,29.93167428,-90.13221456,5
0ZeGH15LV98FuijA1XrWoA,29.92439160,-90.10840460,5
rbPK4jSyFS10zhWYvo_Srg,29.93931622,-90.07893877,5
otlORLZ8uZM3_orBFl2z7w,29.95842080,-90.06176000,5
AW81jJyQA8264WcUT-4JzA,29.95967500,-90.05948400,5
iFgoIM21C_P68N8Dk-HHEA,29.96032050,-90.06106740,5
sG-Z7aIlkmKW7EstH1dH5Q,29.95115200,-90.07000700,5
-If0ps0QhOLCYVWQWs9RYg,29.94162420,-90.12951340,5
HSiktA5zdqPVULY3ThmXIg,29.95499010,-90.06933720,5
me3mlZsR26fV89fMw2uR6Q,29.95628540,-90.06573550,5
CMh5bkpgksnDq9itn-FlHw,29.97423570,-90.10672250,5
zV_tX3gSMon0Hqp8TH3Xsg,29.92141200,-90.11781700,5
Yl7UIESx3gl10kEwP0Djhg,29.92052490,-90.10396580,5
FCfTUUTYXfZchPvx7tkoWA,29.94715820,-90.06915820,5
xJ3NSwE0xhdtA-tB_y_rNQ,29.96151500,-90.03274430,5
mpTKUG5U7rq2yYP7u3719w,30.00501920,-90.10850770,5
kXbzA3rrsW32N78rrLovgA,29.95878170,-90.08462390,5
ftpaEvx7cMJmHBdQKd4y-g,29.95529290,-90.06656050,5
gPJINUjnBmnn8veAYMo8Zw,29.94555860,-90.12537408,5
vvOzblHBA2HHsCb7CMSDbQ,29.97083070,-90.10091000,5
iC12uB5WlrarJg55hVqieg,29.95210350,-90.07206710,5
CQQHON44VFVqcCwsalwLQg,29.98049020,-90.10861730,5
FkOTPqfnnKvhk81RZhPy-w,29.97647790,-90.09904020,5
_Bi9kN_eR75G1eqIl7S3pA,29.92336060,-90.08732560,5
wXyHGKmlvQUBGexb2my0JQ,29.94778660,-90.13009500,5
DWRu1Mw1T7fln6p2F9h7Fg,29.94087610,-90.06821310,5
2W_TSSGDzuEATKQXquo47g,29.94068124,-90.07799272,5
IjtQu81tebi_pLWdubVBeA,29.95993915,-90.10208627,5
8FWAoGPBwRS3I7_FP7u-Mw,29.94501700,-90.07448000,5
_dtlumMepOrZx-k1JEwgWA,29.92439430,-90.10879990,5
UH1Baremef79qGhPQ0Ef3A,29.94180550,-90.12893390,5
ndRRvkUHQ1ruKBjdgP7kcQ,29.94437080,-90.07437169,4
WecgAHgzAPLOmM-6-Iga2A,29.93207580,-90.07459040,4
PKZwdGTapRvFsBYh0zQXpw,29.92166067,-90.11875459,4
N8SymnBYl1S0yvO9-vYUlg,29.93776530,-90.07125790,4
OcatdPIYh9X2Du3Lo5YKOQ,30.02647500,-90.05453400,4
IGna30iAQJa6RMbsv-9tWg,30.03577770,-89.91490150,4
mPJ_koPEAfK4E2B0PkKCpg,29.92013820,-90.10704100,4
SIyXCEOHo7Pj41xaGW5jfQ,29.96384898,-90.09466421,4
Mf1sUtl_KcQqfSUM-8iwfQ,29.95241410,-90.06572750,4
6PHK5X5u3A8urE-1QDZEag,29.95203630,-90.07099050,4
jQNmnjrNd1tJXOg9bfB5hA,29.93935050,-90.07568950,4
GEfM4uB9j6oIr2_XEaAArQ,29.92589500,-90.08250900,4
wDxoeFTU69uc6eN2C57EZQ,29.94472940,-90.07425700,4
cnpwVLlQbalDWPWquUvWgg,29.92108210,-90.11702232,4
4pFrE7xGdLStUXWvs_-b7Q,29.94595100,-90.08792100,4
OEOpxiewgI7Sr2de0LVuMg,29.94112900,-90.12344000,4
X5rK5djoh28uiK-rQZohiA,29.96742100,-90.04470490,4
Q_Wo3rX84Dy-YdQsiDmrWw,29.96659290,-90.08973540,4
UX6y4Tbwsm0Y2kpgKsrxFA,29.92622767,-90.08297099,4
5uPdoWQNjYkrpRmy9AonSw,29.94413800,-90.13396400,4
CR8n4CVq19UqPpJlapQ7jg,29.95950070,-90.06092790,4
R6P3KSFafpKz6bEtHsWz1A,29.96737703,-90.10202768,4
hJTwBhYBTkiHaDMml_v_sw,29.97724610,-90.09891995,4
Hj_-qd7KyQPRqTWzWgsFag,29.94442300,-90.06606210,4
8TSFMWwjeH1Tp7SQFE4FlQ,29.96380320,-90.07195760,4
87p_pMQPPHqJTmhoG_SlgQ,29.93497560,-90.10840430,4
LVRRjPZZ2pRrOUbBN1rRCA,29.92194600,-90.12135500,4
V30n7ngQ35CD9Il1dNkDhA,29.97615573,-90.09822182,4
4gu8bjsgJoZrilDr_u3pEg,29.95721109,-90.07455803,4
DqQx0ROrpoNbvg9dmeq6Cg,29.96771733,-90.10322797,4
yD3vJQYB8lX8Se97oCVb2w,29.94437230,-90.06560290,4
hJlz7fa9pvdMRtIp4ADDlQ,29.96049920,-90.05929890,4
OyF6c2he3Aej9itlH8oz-A,29.95861600,-90.06953400,4
_SjdrpSZdiXVSwaJR5T9jw,29.94938230,-90.13266950,4
PPow3qO48buSNaEkQ_us_w,29.96841830,-90.05579320,4
3n2FIVhxAjG6fjju4wdzXw,29.97900588,-90.09633859,4
3iBEhAuFPzXFczSjeo_RAg,29.95676300,-90.06764500,4
_R7jK46I2j3Laeqe2Y_3jA,29.92632720,-90.10149130,4
XfIHR_6duc9WqhGV-ENrpg,29.93004740,-90.08707510,4
uyfOQql0ZGMG4WEIwUeeEQ,29.93549690,-90.07922780,4
cpsdgiE7hmOw8UtymGTkCQ,29.94759420,-90.13036170,4
1XlT3ELRG2g2LA5zsxkWWA,29.95081165,-90.10039117,4
VBWUdluhRQf5kqawykM6Nw,29.97133250,-90.09238510,4
MNwTcsnjhe22ShOLYbxm2A,29.97775790,-90.08102630,4
Eg9InViFO0EYOP40Im8Hpw,29.92077670,-90.09923000,4
Bd3Vr9VyRZishhKR8dni3Q,29.92911700,-90.07763600,4
AZJpX5slpbZUTU9INbwu0g,29.96000600,-90.11365300,4
1klQuTKmJr-eMQPuFaQ5fg,29.92428800,-90.08551840,4
IGEvYF8zejVLGrY5rzYjbA,29.95024333,-90.06790917,4
ftDLK3a4E5DpWPLbFo3ZkQ,29.96907748,-90.08003479,4
2qAcKMt6-puXKlFi7T3mIg,29.96206700,-90.16833680,4
EB69_8Q9xlG3RdzQWOKAjA,29.94196510,-90.06526120,4
fy-vfMF2fQywsIyA3yJQoQ,29.93482250,-90.10892800,4
P09fwcXyvf2GdvFnTMQWuA,29.94371900,-90.07188600,4
KLLO4MTEI2mDwdakz51www,29.92208770,-90.12140579,4
w4nHq_elJwPpI4iZ6ro3JQ,29.96417690,-90.04357560,4
y2_lmJ3q-cVVR85ulsz45Q,30.00519200,-90.10985930,4
AperXbtpt4FH6fvJFOirUA,29.95003960,-90.07368900,4
b0zp6rgcv7ZcjToRoVhcmQ,29.95524900,-90.06668600,4
PLebbMEYWV-5ggzx0c4lBQ,29.97279320,-90.06296257,4
yGyU_iKbbbjz7rLn0uD7Vg,29.94439330,-90.13396820,4
7GUjQC6k8RcGwySfJcAW_g,29.95499500,-90.07099050,4
lyJGznk9M6BzCqzmGiWhag,29.91700330,-90.11892760,4
H9u7hpVQRp5-yD-kMofn-g,29.95473694,-90.07187869,4
Q1hBOIqr_p6MRnMLawz6cA,29.94584100,-90.07184200,4
U2fN80Q-QOudDt5V-qjIlw,29.97126000,-90.09135400,4
UecV_nsSMyjiracwiV_avQ,29.94702600,-90.11360400,4
036_95rJbB7PvCHfkCL6Nw,29.95886700,-90.06528910,4
t3OnkntIrz2GjYgeGmsh5Q,29.95330070,-90.07186640,4
IGrnxa9v6C1mTwWMjt3_9w,29.96930800,-90.06373500,4
BfAYvF-GsCljAFNRmuP3lg,29.96254300,-90.04793700,4
0jgDSv2SOvCiOuqShsNtlQ,29.96526860,-90.05914930,4
g10CUV0LY50kLHMn5wgS_g,29.95355070,-90.06907450,4
Zp2_GDbmKT7YCA04ygIHZg,29.95299600,-90.07496800,4
53J9FLRAZZcI-y2r0_s2Gw,29.92057999,-90.10599185,4
ieNSHCeHOlxkNGjtjTh69g,29.96447640,-90.05006920,4
mG-JcnRZCAYfznkxhiClkA,29.95907820,-90.02075120,4
0YHf1ohzF9h7_KzMAEgRcw,29.94401700,-90.06551200,4
SO5KzEFWIR1DPK0LOTfeGg,29.96943600,-90.05217500,4
hdsSqJ6XotB8LUyWjM0LKQ,29.96875792,-90.04784781,4
lTTmtjhLZIj6vWSuIOyxwQ,29.95162582,-90.07274451,4
QE2KzOMx80dUIkW7NNiH6w,29.97632410,-90.07623470,4
jrGaVL6KIwYpwivse_eKXw,29.97524415,-90.10972936,4
RTPzPAxxXHUNceAHHy4XfQ,29.95604780,-90.06374510,4
ZOZ94_vjuogm6PzmuIa1FQ,29.95216100,-90.07230100,4
q39t6-a47CLf1RTyqu9CYg,29.96157574,-90.18482067,4
XFY-rv032rtKYNYVRWqQaA,29.94044210,-90.12797176,4
rZ2Uygsn6vmnUIAaN_DIzQ,29.94943700,-90.06636000,4
s_uuOfUsRMr8jxr1ofsE-Q,29.97495200,-90.07969560,4
7JiyUwszN600WC1JWSlcTA,29.95728640,-90.06742610,4
1k6gLCvblOMzFLYeb6CPAQ,29.95922360,-90.06046060,4
znBiWLCwpLGwdrgvZ7G6Hg,29.96004880,-90.05971620,4
sNlXllrga85g6vUQSVGl9g,29.94198217,-90.12977487,4
BxqNxIOcaLjHzGa0m0foXQ,29.92083400,-90.09923500,4
FwTIsJdOV8JVBO_ep3gYSQ,29.95595900,-90.06836570,4
euEHHwDtpFxR5P0e0T8Gjg,29.93797320,-90.07593490,4
TAuGNUCQ00CVPfCzsFipXg,29.97614850,-90.09871600,4
HWLgmRSRDdUwXFkUxf4N-w,29.94365260,-90.13412430,4
An-maHt8rnacKyNniXj6LA,29.93940740,-90.07487740,4
_d4oswY38HTB5UWMMEt_jA,29.93519350,-90.10494580,4
PVMFX-X4t_vDAR511R8qFQ,29.96934817,-90.05221054,4
ZZlHHzmyohS4uHiMNtcbhQ,29.95103900,-90.07734120,4
I2YZuyG1KjiTbtwfNFHaOQ,29.96051200,-90.05918610,4
oYF96W1boB-0E3g3i8U_zw,29.96093220,-90.05877240,4
xZKhj_0PWf9F0ubRyFG5og,29.92115700,-90.09842800,4
pefdBgay60yn4Wtih7t9lA,29.96900540,-90.05590270,4
6fYIlInL937IBuHmocfiBA,29.96503220,-90.05192650,4
dju1isgEvDd74tLTDkk5DA,29.92990198,-90.10970522,4
pSgZ6x48zgkbWucfzswkzg,29.92081530,-90.09981430,4
Y1XqyWSiGC5ghbvjbczl2g,30.04153553,-89.95567080,4
4ADeBcc3O4zmTrp60H4O_A,30.02137540,-90.11473670,4
G1fQJ8k5U1gdX0vWODCZYA,29.94986300,-90.12748150,4
hRRY31tNRkFBPomU7pDiLQ,29.96732751,-90.06197244,4
yLh19zRsOYbs2ukRTEhkpA,29.92707380,-90.09930690,4
ZmvCkhsCOWqA7ikXlbIr2g,29.93481170,-90.10612410,4
8h-g-qcb1cxXCnEBTR2olg,29.93483800,-90.10893500,4
R6YhZypd362pEJvl1jN0EA,29.95339180,-90.06628290,4
2GoW5x7cNCdbdUnk54Uuug,29.91932790,-90.01656800,4
sojdFExw0HlPCcgM_G1n9w,29.96596030,-90.03779100,4
MuJBELBk9VXJjH0tryDh1w,29.94912603,-90.10442034,4
Rm4q_X265Fzfyym1URfQ1w,29.94954840,-90.06513540,3
XxLUOR6RZaUL18TNF3WKZg,29.94517040,-90.06960370,3
bFcPoQY3NZZJC51j4FwlJg,29.92881690,-90.06697620,3
Fn5kDzO8OWOqoLYkeO2gLg,29.96400860,-90.04360590,3
aGiIyGfO7DvhXvB1lksp7Q,29.95345050,-90.06753470,3
fmWgbWRcbJw-yRCK3USnvA,29.95403700,-90.07175200,3
_YfdFmhYhaelhlQXoGCktA,29.95970030,-90.06314850,3
IZmCSGeXLCB-Y2UvJrvr-A,29.93865020,-90.07617690,3
9XjXIqQFQ2SfeHTwPRngIA,29.93050162,-90.07559853,3
8JfmKF-Mtx-Z1iCFnK_F0g,29.95950070,-90.06092790,3
CTAQDdtQbVpGw5FysZ6cEA,29.95607907,-90.06316157,3
fDPvDKfLflcalAEA_yUiJg,29.95468320,-90.06494580,3
yGGaBvdHbzPCZCzR7s_uog,29.94182200,-90.12971700,3
EV4f9j7k5P3ItvJAGu5AWA,30.00547590,-90.11908850,3
hfcJ8a-mz2pO1NU3cmeWrQ,29.94126380,-90.12849520,3
BFCjimIEjeN9S2FhybhFzA,30.00554600,-90.11912100,3
j1pofrWMUscSQrGfSfnR_w,29.95347680,-90.07024250,3
znmW7djuEJjlMI0hw-utEw,29.96243020,-90.11785080,3
9wFFQUCn1j35CYea_dqhsg,29.94306570,-90.13368570,3
rJMMzZEUHVi4lrO-0c8OFA,29.97889140,-90.06881500,3
ruAEIYgMplMVbsoldW279g,29.92051800,-90.10238200,3
WfgVvztkGkBppJOv0_UTsw,29.96113270,-90.07760510,3
gnXN6LuSC3IoMCOtRl8sQw,29.95030380,-90.07046060,3
6Aa0t9YWJNknGP9tHWmG5Q,29.94595560,-90.07002340,3
69R0QwXKjNDpilMgtzeLqA,29.96616590,-90.03876050,3
ujyjBLOzSXKO3RrbpJ4N4g,29.97694420,-90.07707360,3
umq4JEgX4U6TIdMv-odD0Q,29.95863640,-90.06135700,3
mq8iNBD77TP6eWfFIQO5rQ,29.92908380,-90.09665360,3
0g9fGg7Z368fPJiBp7JvdA,29.95479787,-90.06914960,3
vT1zrTTIji2JDhUHjFKopg,29.95162200,-90.09983200,3
sbp-DjxxPbWmCHuQvwzbNA,29.94844380,-90.07319850,3
Xh6CqeOjcalJs81Ktkb_cQ,29.93992000,-90.06687590,3
MDtu8_LFbbkCgzCzIoEWng,29.95903256,-90.06403611,3
4LrEs997FOYEGmmBUUeqRA,29.94692687,-90.07551187,3
99VA9y7rdlDzl_-Rd-WKKA,29.95818600,-90.06514200,3
JRa60aO_ZZCdfDIU6IlpCA,29.94767630,-90.07221310,3
oyrz4wG_0cI2xStw8Ct22Q,29.94742160,-90.11333010,3
i9ahyW_GpP1nrMomY5BoFQ,30.05157510,-89.97890260,3
Wh2IssalVTaaSnspVuINzg,29.92336118,-90.08758599,3
uM1ahq0ZG5utDIV3JwjHyA,30.01310050,-90.05053500,3
LuB-RHZQzmbAHXmykrN0BA,29.96477215,-90.05132032,3
bWJbqXuyEgGr7Q8Xf8HUwA,29.96465060,-90.19483530,3
kJ2RNX-8_HwbMNLEsSTyyA,29.94637200,-90.08936500,3
b6h4zo9Iv_L6XKVpRUqvCg,29.96203950,-90.03451970,3
p8pnCX2Z5aJ1C7TnSvyaNQ,29.94805300,-90.06248000,3
yTJ2Ir6CMBzThLK5dmACvQ,29.97369084,-90.10184582,3
IME3_lp9coh9_S3GTmAXZg,29.94323320,-90.06485980,3
H0nX4N4N3AIDheuIcbVYkw,29.95024700,-90.06617500,3
w5NKxEWXZnAbIT-FfBv0Bw,29.97557960,-90.09899920,3
SG0M72lCjRkxn_bD7YH34Q,30.01093560,-90.00927080,3
7fSehNL4pBJ26FOeLqPj1g,29.97349740,-90.09839000,3
VHAfSIxcdmpQOTD0_ofbfw,29.92143217,-90.11784346,3
8odXL99ki7fi2YPgvAd14w,29.96719310,-90.08484780,3
N1we1YLrBxPOoenxJwzdOA,29.92298910,-90.12338700,3
W73MZDetxHWJ3pkq36OpEA,29.94878000,-90.12844000,3
inxUni-YJD5QvY-PF55cjg,29.97699100,-90.09295500,3
imb05NMSi6QSuxHe_rmmWw,29.95957690,-90.07701270,3
rIv_HEmn9ugEAbBS_sSLKQ,29.95037000,-90.06894000,3
4NidY2tw42l6iobbtai_kA,29.94506310,-90.06726520,3
OHoaZ5EvKMjrvbfJGThK_Q,29.94070659,-90.10316269,3
bn4N0bxa-u-kBaKLwU893w,29.95212030,-90.06710770,3
Ci9fTZBlMjf3dTrwowuntQ,29.95034340,-90.06885340,3
HUfoljaD3iVbHdQlBAsV4Q,29.97536730,-90.10018740,3
vAlG57_mZtazKbHBH39T8w,30.02076690,-90.07683710,3
ADgeB1sfOGbzCR3LIi-4lg,29.93993022,-90.08036971,3
FIUCEBg9hqVA-ZScn7N2IA,29.95213600,-90.05453700,3
WWAMlOhMaD8df2clXWcTPQ,29.95336100,-90.07444462,3
p2J__JQ_mN5lVd7iGXYgGA,29.94083440,-90.07910090,3
ZfiHVKQazjdPuwECrZ-dag,29.95704140,-90.06403720,3
UeY30shIL5ZhTw9fpnR8Fw,29.96753410,-90.10267810,3
a1u9Bxrq_fZxl2pgqQUcJA,29.95445530,-90.06677550,3
Dl_okrFTBWMHm7zaIn-cqA,30.04600822,-89.95942576,3
sroYm8E9BbnnLO3nhKjomg,29.95783688,-90.06410382,3
BSKzmE_KCDGHPXQVR7N0PQ,29.92016830,-90.10707490,3
_DvAGDt7KnXPvlY9kxWbiQ,29.95310240,-90.07070880,3
i2hgvg7Yag7Wfc3HVN-X1g,29.95357700,-90.06589800,3
DH_aRlDhnzsJTh1ffWwt_Q,29.92113880,-90.09842650,3
hVS67L6bYtNZyuvqDX2O6w,30.02388120,-90.11486460,3
qiLvgdXkIjq0rw5HLYwxXw,29.93430541,-90.07905552,3
h_tRcijFYxrUiZ59FXfBOQ,29.93020730,-90.08497070,3
QQng-ifjEZhI1Vb9j0Hb4A,29.96465060,-90.19483530,3
ifZ_P8Mj7zVVKhNyKJAQwg,29.96375010,-90.08529020,3
UgnHg8cdrPqxJKD9MpHNPw,29.94743080,-90.11333010,3
j00Jky-A3xhT4u7VtO6d2g,29.97542900,-90.09970500,3
gm5Y2Q_-MzsnjytoG1Oo2w,29.92998560,-90.10998230,3
XS7-OeTmDUwVVz1MSbRBRA,30.00790900,-90.02146100,3
gVGOy2ACwZMMKyMZFxVAPQ,29.92145340,-90.11919090,3
x7_p5O3ChQa7shdHCcLHZQ,29.95106580,-90.07153230,3
tWoJMHMU-KUEeOFAcpENdg,29.93179530,-90.07383720,3
ukMy1_eFj5nKSZSPYd4LSA,29.95614950,-90.12796530,3
2wyats5xMAB-f5bp1pQ8dQ,29.96054400,-90.05830700,3
cnqe2tBx9a-22lFeCEFSug,29.97706700,-90.09651900,3
033Ok264muClFlaWFeqo9g,29.96344800,-90.08340900,3
IEF4wm9hlu5uT4jfKCgWmw,29.95245400,-90.06685000,3
ILWv3aMVbZUMjcMSTGgStQ,29.93509190,-90.10887300,3
KGfw-g_JtizLJb4YmRB2Ig,29.96284509,-90.04810330,3
F7X0lOg0I_1NfVDNFYPe-A,29.96562790,-90.20567410,3
0f0oRQdl5qg3GqnXaifqww,29.92028580,-90.10588670,3
JcP1z6eZBgTIcxWlyxSw0g,29.95365030,-90.06505640,3
oo88TE2jCxYfIen_oWFjdA,29.96867578,-90.05284728,3
PcAMh9bjVHVB2dscm1F4FQ,29.94427435,-90.13373294,3
CgAthB_K1fmD2OUpmYBRuw,29.92072900,-90.09932000,3
nJxeH1phWTAXVltSb5bcbg,29.94034103,-90.09860571,3
WtHNaPhVH6q1hKCvcjOc-w,29.94158020,-90.12555430,3
7EFbmaCvOjPxC7cb3LMnvA,29.98947810,-90.10803280,3
GhoKUp8LCHQ5KvXt6IrN2g,29.94353607,-90.07191445,3
zurZgdE3W9jJnU6VAgTdSg,29.93288000,-90.07318030,3
9740uBf31ch5X6A2ALTOjw,29.92606710,-90.09389810,3
CANuOWl6Z4soWkK2_1NWcw,29.92941800,-90.07684840,3
aocFstb9HenLJJ8PKeMrrg,29.94798880,-90.07117257,3
Hs-jwE791t3cX9ErgTcEFg,29.93657390,-90.07180670,3
tYkgqLuWjmgP6OE4hhHkRA,29.97893300,-90.10786600,3
X1aAjsufci2ibaxSbhFl4Q,29.95010471,-90.13280840,3
Q9GU2OvZObDVyA00ZJkFaA,29.94212000,-90.09463000,3
Ti_HP5D0V_7z9_q43ayn7Q,29.91168544,-90.00049470,3
Nq_suBLLeDKjND6efdNINg,29.92548900,-90.08433200,3
LY6hHivaMJIPJNv_3oBIPQ,29.94999930,-90.07487740,3
wIlZYEJyMtFPltIS7vc8kg,29.95359770,-90.06542310,3
ujYhU3bX35BCVj1NUbSQpQ,29.96786170,-90.08352870,3
V4rJ61k14_u0t-rZzLbXiA,29.95622510,-90.11957154,3
AubKobiTtnvsjM7NEMmMdQ,29.98331430,-90.11035650,3
9zlspOuU7cXAVesgah7udA,29.94525870,-90.07339930,3
AYYNXdF0GkzxIQ7cX9nNvw,30.00227310,-90.04195130,3
xxlbRiWWQkk-6LST3Hd12g,30.00549500,-90.11820400,3
BK8NZlJtgsKnh_L_mTRc6Q,29.96204400,-90.05749100,3
0aJHRh312jMrXOPbZ8Hsrw,29.96335750,-90.05754460,3
9NFAT8jDD9XikWplus6e5Q,30.02376943,-90.11359189,3
2r3-fBAvSsljWrDLXkiHiw,29.92544400,-90.08410900,3
rNfFdGIFT27ItMzG3qQCWQ,29.96857780,-90.05252830,3
YqjGRqPL0roLE5EO6nf3UA,29.95822303,-90.06066190,3
ecGqst5qksmuh9qImAzXKg,29.95339440,-90.06560170,3
bWiOMj0g9ub53j1l8TJqSg,29.96911050,-90.10576800,3
vJxL8UDtlOs-h9d-M-3SQw,29.96715337,-90.04080250,3
DIqKb5NP6F5GDiqr7iL7BA,30.00555514,-90.11762931,3
k82r04xQpJ7u9Db_aHRJpQ,30.00474550,-90.10357230,3
lPperLiGwJVEr9n8LfGZ5g,29.95201720,-90.04884320,3
vNY4rpSSM0HFq8zz80UBFg,29.98463100,-90.07114200,3
-WgD54ji0_MgHWgf9WBXrQ,29.95831130,-90.06550860,3
xfmXbvTrtmfGxySJQ2TRXQ,29.92049000,-90.10235400,3
gVXoIIFz67JXb0los6bIgA,29.96858880,-90.05230391,3
V_S54QGnokLMshOm8xNTag,29.92773600,-90.12760100,3
BqI7wAq0WkpWPLjUcKjjnw,29.94995700,-90.07339930,3
ZmSn5gjhuJWwQyoRRRVvYw,30.02566077,-90.03396617,3
X7W01ESZV0UybJ859ZnWRQ,30.00388700,-90.10423380,3
dNhuI4zka3WDhbfksalj5w,29.95828420,-90.06580120,3
3q9-zixznvM6aj8XKYd6lg,29.95106580,-90.07153230,3
joCDK7kg-03uo4rZK5X0_A,29.91843800,-90.10798800,3
CRnqAB-ViEfQ0CQGOlEIeA,29.96296790,-90.03919810,3
OxXMZfaRZc7SJnjMBkO1ww,29.91655900,-90.11815860,3
6xA3Zg26SbaftWvzf6Rn4Q,29.95354600,-90.07487200,3
u4Y3FY1VmVWaaZUdGdJMJg,29.93527120,-90.11091150,3
VlqngN60qoCeOlUvWXD4qg,29.95745974,-90.07077143,3
tmaIgDhOC-YJultQCh5_lw,29.96204400,-90.05749100,3
UaVFOX65gnMMRwgNL5KQiA,29.92051800,-90.10238200,3
zbgsdPMmrNM_QiZXslbJXA,29.95519930,-90.06945770,3
3tdQCw6mdSTHMNTV0iyX8Q,29.95089200,-90.06648400,3
FNsMxoaTa-HCbAxP0Baj9Q,29.95494467,-90.07018193,3
QUEWdnmVCv2Ri8xJATTrIQ,29.94049780,-90.09779580,3
vKBQmHjx5K9cYoGqWLyBhQ,29.95142570,-90.07491280,3
G9JqaURDTC_pSzji0bytwA,29.95849600,-90.06524040,2
ofXLzGLYFVb4AFFmNV837g,29.92075400,-90.09932130,2
lAV4xwSqt4hjhkqY3NZlOQ,29.95493840,-90.06893580,2
9VP61EFCI7kXo5CU72Gmfg,30.00583390,-90.11625670,2
6fvE5PQQ8mldsMDU8IsQSQ,29.94202390,-90.12981890,2
HH5HeqALwq3qPUtF9gMeTA,29.94255900,-90.13423900,2
Tpc-9OGNmHSGzxa5RT4IDA,29.95357257,-90.07497122,2
fX57gus0k0WY92W8r-Mlwg,29.94525870,-90.07339930,2
xpxot30FwP55-KHEkZw4eQ,29.97684130,-90.09770350,2
13jzD3emK7N-CtmFW-VzGg,29.94588816,-90.08793056,2
EONd-1BeBm04FBLvWe6KMQ,29.97460890,-90.10663550,2
xXAWWlpXGlDfgGzy9TTJIw,29.95763570,-90.07478620,2
ex9WgKT2ET63hgVwkqGQWw,29.95649299,-90.10591992,2
bRR2rDp0XFC5CZi0lCx-qw,29.96176308,-90.06438316,2
_9NKC0LTGR8RSRTSdcwyvw,29.96704800,-90.04268060,2
UvMbtn9JNpmd6VADusTV3Q,29.94389290,-90.07269750,2
r4X9jW4K311nFkutYWrFyg,29.98017020,-90.08352120,2
fxZtYRBOvoddW7k3flohPg,29.93355940,-90.07000510,2
5cMfM2_S0DZBLnPcxadl3g,29.96683890,-90.05197080,2
xFk0apIOljR2DL5Zj-VNOA,29.96209700,-90.14280720,2
_X4t5U6oI6yXE9WBAtdu8w,29.92722100,-90.07436900,2
neWdmzHgbpqSx62jynDd7A,29.95664310,-90.06805660,2
5GctUoyvvfVS43ZMWtLKFA,29.93809780,-90.07031530,2
-TvJ8KJdXus3_o6uvG2GHQ,29.95349118,-90.06858169,2
7EsXQiL_88dcjIPmVfo_0A,29.94113070,-90.12345730,2
KeigREOxJtmzmYRg__6FPg,29.94755430,-90.12975350,2
rmPlBsLaXv9mMPltIZO5hw,29.94196510,-90.06526120,2
hkO3q6VyMNn7BYUkqgdf2A,29.90892630,-90.03066620,2
xt8CHsSR-WuiCNO8z2jnFw,29.94074770,-90.07462550,2
JbQIevhHJJJP2mmjz1TgqA,30.03199700,-89.92861900,2
tyfAxYsomnzygfyeZxbL_Q,29.92972800,-90.09694000,2
rbddEDXRIVu7MyTyEEYp9g,29.95188150,-90.06871930,2
if57kE6_VfR1nI1X93oHEA,30.02146080,-90.11517510,2
yk5S9Lrs0EUHUKxujlGEAA,29.96131400,-90.06598090,2
YH1nhGFJiT6ouc2MXs7BhA,29.93974500,-90.12041600,2
HuT7BNQum5g_rbXjwZqs3Q,29.98073380,-90.11422520,2
eZBrTND1Da2V0sIg0NpYcA,29.95617170,-90.06717690,2
IqocLKWSjSCCRakMon52dA,29.95305884,-90.06923754,2
WFGoAG3HF2T1cTVr5HUD2w,29.94976312,-90.12756016,2
rmeq7nfiry0HFQD-on9tNw,29.95106580,-90.07153230,2
nj_6YtupsFwSp8xYYyWKoQ,29.95626720,-90.06269830,2
Da7VCyHFQNTNHaB7eJYrwA,30.00380800,-90.10365840,2
9VFNF9_29_X8NDYufitd2Q,29.96270400,-90.06616400,2
YctRrEphHLkA4fOTBNa2qQ,29.94564380,-90.07137370,2
2j_Oz2FMucy2YBoX4t3blQ,29.94718650,-90.13035460,2
Kx8rdHWeYNQa7z_Ague-DQ,29.94386630,-90.13377950,2
YSGxbx26Kouq-c4Ttz3FZA,30.00237300,-90.05898100,2
uDYln8JtfxBpj5Vg04BRKQ,29.95669590,-90.06663550,2
ugNVEWEZbSB-bBuX49KdrA,29.96060590,-90.05924440,2
Ztbcpzx9sQdNQnKx8yghTA,29.94054000,-90.06918400,2
zzbZtgPYZS8sTIWQH6DwEw,29.91685650,-90.10697410,2
-ojG1NfFYuHN_oGsGK1W8Q,29.94564380,-90.07137370,2
HtSM1dtabFtzCOLphKms-w,29.92533512,-90.02041193,2
8cAukVubDMi10NTrkXMGKg,29.97195950,-90.06555310,2
ftV6GGm1dB47vj3nf-UeIg,29.95355300,-90.07482400,2
A9coerF0oRiAfoeMoclq7A,29.94386600,-90.13362800,2
kGhT5VRj2ZBSdXJl6qkLdw,29.94984820,-90.12750840,2
ufjjhbpzlG91sQCFFkbOIA,29.93805110,-90.07662940,2
vu9I6Yzz7PzI7t5aDOt6wg,29.95528980,-90.06846480,2
D-QT7vrSHLphXEU5OP6dGg,30.04432600,-89.95922000,2
nRTLgg1l9fmIcTpbHoz23Q,30.03848940,-89.97782430,2
r4hLK7eQ3YPXdhuc5M2Prg,29.94385310,-90.13374770,2
m1xhXDF9V4y5pbdWONaQDg,29.92439160,-90.10840460,2
-4x3pVUUsfWmKEilWKsOZQ,29.94151705,-90.18894201,2
4xV3C_5VXQzAAYGIwJ_4dg,30.00587100,-90.11590600,2
aFspsMR_MbxaOOS58YUGOA,29.96656530,-90.05812220,2
uKSePOaOftBQpu7bJBtrZA,29.95361400,-90.07492100,2
kYhiXEFyOMCvuLLRMkMtJw,29.94638940,-90.06755920,2
o_RABYkPwqfA_s8CLYr80w,29.94701310,-90.11381420,2
Yp8gbMuCXIWJWoRvkOJcGA,30.02137540,-90.11473670,2
CYMUz5KDEGI3Faqaz0skBw,29.95022407,-90.06958088,2
b05s_Hpgi-ITXSvk8v_-eQ,30.02747655,-90.05447314,2
_LdViafM7oxU9LH8cZBiMw,29.92381460,-90.08623410,2
b9d9X2yhzxSVEbz_JIY_uA,29.97533660,-90.10028000,2
s688oKDwUayG5rjHbPwK7w,30.02098298,-90.11482334,2
N_l-7ph7JJ6UchQfZIkUcA,29.91145098,-90.00042010,2
__UJ0y9HkJ8KTswmMZJRlA,29.95355620,-90.06884420,2
IZ6vx85mSdC2zp0STFzTIw,29.91631560,-90.11217920,2
9MdAr_MK8YUzYsEHMf1QeA,30.02692500,-90.03828300,2
dT3wXJcYOjUnnCAPU67R2Q,29.93215260,-90.09006110,2
Hd_SIjvFQbcPuTwnKeiNuA,29.96679750,-90.04142250,2
hAbyDqwRiULAua64Ir0DAA,29.95392060,-90.06836720,2
xjuNVMzPPqEYbRN_hFtecA,29.95865620,-90.06724990,2
ahc6Wx3A9tmoHCtad_z3wg,29.97452980,-90.10647520,2
ETIyqDHJtwX3YUChlLAYtg,29.92196770,-90.10739350,2
BG8s2nt3V0T8BHFWeTEAaA,29.95355000,-90.07478000,2
vmtqCFoBX9TzAoiLUEj5oA,29.94350410,-90.09755030,2
ykwIZ4GWkCh2MazOdY_NOA,29.95003960,-90.07368900,2
uLlnmQB3EEN7UbHD1c-Fjg,29.94878140,-90.07529720,2
jrOgLPx0YqKQKd0DF7gRhA,29.93695000,-90.10260300,2
n8HfcZKc2gmoDQkSI3Csag,29.92446270,-90.08579920,2
lERF8vpTeN71A-vE9DhIaQ,29.95272200,-90.06739200,2
riGIP57_SRRnhx91c_4sBQ,29.94965930,-90.12736010,2
uL4jKuA41fQ-AUFBUUcrww,29.96263080,-90.05783420,2
1S8IRBk4uIhm_KZri7VTqA,29.96250151,-90.09262800,2
54sTaZXoLAlHJS_cU3HIAg,29.95519830,-90.07142840,2
MiTuey9Pdc2haG9KQgmU7Q,29.96010250,-90.06560780,2
zWd07FzvWMbfzwpOEkVdZA,29.96692216,-90.05209470,2
-0__F9fnKt8uioCKztF5Ww,29.95169630,-90.07323500,2
I6h5LoGq2vSC1M-WGWF0Kw,29.96368250,-90.04700960,2
dqJwAna6gTiPhS-k1F16sA,29.95244180,-90.07299780,2
0xEyGDYQUasuNdAB1WWitQ,29.96288960,-90.17150220,2
eT1nr9nFklcUg8hefYcQJA,29.94733380,-90.11300120,2
gurR2NBF1RA-l--XLYV17Q,29.97541750,-90.07845700,2
V1O9hOEVfgzbN4-XNeUNQA,30.02041019,-90.11469700,2
tN-cmeSaTi8-_4qvhuFDng,29.95440770,-90.07151970,2
22d_v2cPDWL9avxjfwximw,29.92980576,-90.07643890,2
5wgoIQXyP3BEPZLiVi1W8A,29.94268760,-90.06599100,2
0yRYIODkl8da3ZDdOmMAZA,29.94642900,-90.06809700,2
02jAPgIHC9LPqOEtdS57SQ,29.94013800,-90.07517900,2
z7q_oWGr3GlvYqfiTfeljA,29.92358680,-90.08681440,2
BSdDYndZON_xpgOjQACy0g,29.94102899,-90.11866197,2
Ln5j6LRuXur3E5U86WjOJg,29.92792930,-90.07896550,2
ZBNt33DS3zpctT1lWcdT2Q,30.00396000,-90.10400300,2
XrTUDf6jmBP3mP8s9W8SHQ,29.96445430,-90.05907934,2
LXPOh6K2N4b1zA8wgahlKg,29.94044650,-90.07495040,2
z3REVRkZbxW9SUfy11mJPw,29.96237100,-90.05744200,2
D0AXNeHYbU9WfCBnbhYKXg,29.96939090,-90.05216360,2
w5gg-e5tYb09iUXZdZgZ-Q,29.97529830,-90.07925180,2
ZRFAWkVoql1vdI-0cO3How,29.96231600,-90.16887600,2
AeADtOKsFeZpHijleM_Mtg,29.94216710,-90.06783380,2
GC3rq2K7Sjd9BbUdcrHrvw,29.94637220,-90.11316978,2
zhkr9oRgfzwXY9EVScf_Mw,29.95102120,-90.06852890,2
FCcFpitB7F3qxd1bD4Epfg,29.93505080,-90.10895410,2
QIYVaE6qrgAYHV6aJhqfJQ,29.92083500,-90.09868210,2
dqhpX2YseNDqoWQCQWSc2g,29.92374810,-90.08618230,2
XwpjTjy_jwWGAlG_rt1Hrg,29.96642430,-90.06962190,2
6C0IhZMfk7mhpjTBcdsX1g,29.99211840,-90.10998720,2
yTH8WKPETpsompv73TXsWg,29.93920620,-90.07120950,2
7M3vMO3F-MFnfvJb8pnK5Q,29.93355940,-90.07000510,2
Il_WGpBE_4brNcOlg7_bMQ,29.95540162,-90.06845420,2
c0spCFxpXFZMNQD8kkMuiQ,30.00585450,-90.11694820,2
uxHR2GuFsVYPi0H5wi89XA,29.96839430,-90.05735640,2
x7_pOq3pZfBJSaZJQvXAqg,29.97620583,-90.09199524,2
_wUVeoShcomTE79D9T1goQ,30.01370920,-90.05079240,2
jlgi2sLx5i6_t4mcODJW7A,29.97417190,-90.09743530,2
745k3sqcSEQeCNPj799u9w,30.03197990,-89.92937120,2
mnq8JNUjIBwUoLBk-b2V9g,29.95018100,-90.07423200,2
MnfAzLt3qp0CkMHuQF7cvg,29.96186560,-90.06261570,2
IcWlx0OMwkP96MQbT4_6Pw,29.92329900,-90.08742300,2
FRUAR_-MBXzfGIcVN2MsQg,29.95310500,-90.06638010,2
UqIBIYnI756BrOf0JMtlfw,29.92606700,-90.09404420,2
dnfe-luIWnpH6qOWp5yBiw,29.94742190,-90.11296470,2
kQkGj-u1nI2X9k8Z3Ac9vQ,30.00551600,-90.03639600,2
FzHkziPh867xpgBxH3_IVQ,29.96857780,-90.05238240,2
8JEVqaKFy6BNsNIhCnnAmA,29.94878715,-90.07359422,2
Rx5lfHMWkezmQjCfr2ziAw,29.96548750,-90.08785680,2
Obk11u4CHhyqwkiJ517kaw,29.95354100,-90.07475200,2
DC5T3tcYfscu46ovomueWg,29.94375650,-90.06551520,2
auZbZhgtKOppjDEikrIeNw,29.95448880,-90.06635710,2
r5sIxismsox0XCKuhH2Q1Q,29.94697410,-90.05251920,2
Xar9BJ3iIC9bOQjhXvMYqw,29.94517210,-90.06631940,2
zCw8_v4ij_4mEZfFmUhqmA,29.94912590,-90.06976320,2
9MiCr4rNFRijL89edcNv1A,29.97546700,-90.10014500,2
b7YJrFZWZdI2C5-9nZvVdw,29.94445400,-90.13353700,2
6MBVjXPYjlNkIcNzlChEsA,29.95552020,-90.08281590,2
TiXkzPmmUAOwEexLmck2Tw,29.96558480,-90.05783710,2
O-XwsROwYk3JoWz7bMuW8g,29.92404920,-90.08605500,2
W7Lkjxnd189PpBYJniF9Ig,29.98638441,-90.09333329,2
Bc0JztvivMvq-9AtbErs0A,29.96939090,-90.05216360,2
FNwvXKcoN_WZzOOKqrfFAQ,29.91885800,-90.01638410,2
s_9ERatPIp_7GSrzHlgGMg,29.96297490,-90.08940690,2
EJeq9K5-ilBj8bSbCX4cMw,29.96440000,-90.11080000,2
idgiIkTcPSbG14FioYBqdg,29.98331570,-90.07131070,2
WYSqcpQv0OA8RyE7f2mnnw,29.96344520,-90.06542540,2
sGbjViru0iJfxH5cBpMeHQ,29.92602160,-90.09433090,2
4h88UgiaoNt3P0r97VJrow,29.92937300,-90.06784200,2
sl13sdbDo_JqlllLtur-Qg,29.94228030,-90.06727550,2
fUUNiG5x6wP84ty5GoqtRw,29.94189318,-90.07499495,2
2oJV-vS0Cu8cYt7_TbzOww,29.92902568,-90.09744099,2
r2IuwdvmEZycvudboTNg7A,29.93126300,-90.07393990,2
IMRrO1LUSq54ukcyBpimhA,29.94088610,-90.12794610,2
0bSqRNkj7dkDifzfefvIPQ,30.04478650,-89.97505710,2
okxomeADinzNXTzX9PqVSg,29.95474810,-90.06923420,2
w4K9raWb6XdiEcBcUVoA7A,29.95441860,-90.06455930,2
bK5gt7LHnDjCfZnAGuK0ig,29.98274950,-90.07680320,2
7ZV31rGcDaT1pUKyvJF9Mg,30.01973400,-90.11198831,2
XjjgJb0iyG33CQp4ehnRGQ,29.94252530,-90.13066180,2
nd8TE5AUsMhebDRvhijZmA,29.95134800,-90.06887670,2
lumQFFky9M3na55B4O0S4Q,29.95582370,-90.08135170,2
PBbhDFJdUS7ebuRa1ggjaQ,30.01308081,-90.05078500,2
Cm_l5Zp_5ahUrzz3cifdgQ,29.96303170,-90.04383880,2
phjKQDkg4l062nUifkqbLQ,29.96187570,-90.11497420,2
EExxDfN4Rp_n6dzK_XOoNw,29.96844517,-90.05734161,2
LGuxQ2tn_NNnFQRiOgqbpw,29.92960800,-90.04832600,2
Crwv3yAmCFweHFKQJJez5w,29.96333590,-90.05763560,2
ncI768qIjMFnMwYMppB4tw,29.96039110,-90.05830550,2
zB3uv3AJcNUqndw1G96Ziw,29.95203670,-90.07033360,2
5JyEHdmTufydVTQsw4afQg,30.02643000,-90.05419000,2
3Cj3Vp6m7SJV-z2399UhXw,29.95256150,-90.06588010,2
PRpjxJNfK0I_em5CNLYpVA,29.92005300,-90.01383100,2
QwawOSEJKaFd5yCYtrN6DQ,29.95487260,-90.06738300,2
jf-QeaB7fFyOnfmPsA8QVw,29.94319600,-90.13140000,2
6dXONUFQwVBEy5rjuqyatw,29.96350782,-90.05072519,2
zwe9H6Xxqb1_E09A20Ptgg,29.93238100,-90.06695500,2
4XDoDb7D8j0WWb8EDC1ljA,29.96742880,-90.04452230,2
pgUq1cXmggsU0JUaqSxz0w,29.93894844,-90.06876003,2
Hb1mbcX7WcHaISJSmx1lPg,29.93126300,-90.07393990,2
Tv5gLZyjnMuEpLvdbE5wGw,29.98470817,-90.10859070,2
V8tDVx8CD2-O_yi14lRf9g,29.97434230,-90.10688490,2
Yr2SUyNncEwy-LgE-eU7kQ,30.01276880,-90.05061330,2
cp2ZSHXibAxCHvJoPPyLag,29.96499173,-90.05192970,2
14qJA3j7Ut5_mQ691BT8aA,29.92099270,-90.09875350,2
s4JWixWbeLhyUw1pEI2Cfg,29.96035540,-90.11291600,2
6wZWIz3M6sb3lmnU7N0zTg,29.92338310,-90.08748990,2
_Om9umJQRS8Gi-PTWJJyYg,29.97981090,-90.07934880,2
SeLObMnlgTwz8PoT_gSZ0Q,29.93776530,-90.07125790,2
A6bawVXV5sa11LzXaI5asw,29.95718350,-90.07573520,2
drjkRW6oC2Fulpr9KaYWEg,29.92749800,-90.06933250,2
aYTy7BprrbZ2uvsqPHanZg,30.00488800,-90.10596900,2
EbfjNML2p_Gsr3tQWDEfaA,29.96753400,-90.04519000,2
9ziM5f6VHOnMy8Izv8xmVw,29.95776176,-90.07463837,2
sX43wVVJVvrxSR0ajvc2ZA,29.96534220,-90.06564430,2
pEkkIn1bhyACFb8vwvMxwg,29.92274166,-90.12368336,2
Y-nPMfGB29SbkAMZvT7ERA,29.92320860,-90.08828780,2
uUQwrXJ7tqtlHl_iSgSJAg,29.93217910,-90.07421130,2
3lbhIJ8i-dHzMNtC-FW8tA,29.96498264,-90.04257130,2
Vi7mls55_E-WWtGhIHgomA,29.93784490,-90.08142960,2
311mdvtOTVHWoYgWd381Bw,30.00297450,-90.03726550,2
vhw5DnAvZZHqDjrEHKoNbQ,29.96779670,-90.10314760,2
mFWFtD6bXdpLz8bDXe-LHw,29.93643657,-90.07199159,2
2waFgIxeT17sUoI-1WZLCg,29.95721900,-90.06708210,2
suSDu8cXK_9uuAJopn2R1g,30.05158110,-89.97890260,2
gxAfvEbMFgwOPWpeYD8WMg,29.97499359,-90.10052704,2
ZI2rweo-00OaC6q6ChAB7Q,29.96695530,-90.04238890,2
qq6vsh6ZEshfv4mTdrjA0g,29.94831398,-90.07529107,2
Se9CEgJEVxcWax1fStWuQA,29.97629150,-90.07637300,2
F7J-Kc3fR0vdjcpN9TYLJw,29.96398531,-90.04355761,2
OWsEEVCKBBSfVbzY3lXd1Q,29.94333890,-90.13160210,2
6NS4uSnoSpasv0INZ33Lcg,29.94769100,-90.11295400,2
3euS__1BAL3ETiIuecS6ZQ,29.96009630,-90.18534656,2
0Hfc9kXBJJAXk6XxDtoJMA,29.95976570,-90.11272880,2
ZVEZPj5E2Myyks4duZSntw,29.92553650,-90.08436250,2
rHW2kGOYzUIJWKia5ao-6Q,29.95654700,-90.06429700,2
kIMT0HWye1apfTH1-ITQAA,29.96851110,-90.04959200,2
DFHr9C_xg926pxd7oskR4A,30.01905810,-90.10522000,2
Mcj6MC23gIny1n0GGeGDQQ,29.94102812,-90.12861873,2
yID8zq7b4YRcWn5Vcc-MuA,29.93449530,-90.08058650,2
xvTa375IhWkFSiujUI2adg,29.96013911,-90.08741118,2
i-tDq8zC7ZmSqSbg_7oddA,29.96206700,-90.11770300,2
T6OtDhpyfyI_ZCK5zE8UuA,29.95211500,-90.06801400,2
BO0obUwPGWytgFR5zkhE5Q,29.94404670,-90.06575368,2
xTljr-SbdZdDp9yBiLsIrg,29.94437230,-90.06560290,2
qeBFhxtnBkkT6HU9Meix0g,29.95618100,-90.07381618,2
kMKjKaTxi1iRMhLYqhEhlQ,29.93736536,-90.07631920,2
sLO6aA8CI4QZXm-sGC6yyQ,29.95213110,-90.05453460,2
k6NkyANDoAMSNpa9_VD8IQ,29.93165599,-90.07364881,2
wznT60WMQ-9Qg2MVvzCxtw,29.93129900,-90.07389300,2
sJz2WhvVGW8jsdQhZ_BlUQ,29.95334880,-90.06628290,2
7Fqf5nkKkVhXn_DUrPWWEA,29.93057600,-90.07573800,2
fcd5eppoT90cvrb6O3EG_A,29.94942700,-90.06279990,1
yYr6etwcJPbJCXVc2FvOIg,29.95011480,-90.07428930,1
NXwwmUQAY5yDofbs_Epq5A,29.95707670,-90.10049000,1
MziuWnUVrnx8R4J4e_QOrQ,29.96930180,-90.06373690,1
YIWBvaCSeIKLcXAQWkvz9w,29.92196770,-90.10739350,1
Y16H2fSdBeriQgDD_A-aFw,29.95977610,-90.05971810,1
XptA2iW8r6g0TNADcZqrAw,29.94061236,-90.07919398,1
rVRh3PnjYwSaVvGs0joh5w,29.97756100,-90.09781300,1
zVUgD30JzlxUke3IHTlGTg,29.97561750,-90.07627443,1
7NEIGT2rccjoojzMvmKCzw,29.96977550,-90.05039440,1
nIvk37LSvvZ-7zTIG_bgjA,29.96305270,-90.16668570,1
MPklzgZNnd5gdJfEeydciw,29.95087510,-90.06648010,1
C-anTsItNvJHHR__DiGEqQ,29.96476230,-90.07324410,1
EfLcMyzm24vNxe5XdjRp4g,29.95191758,-90.05345657,1
JyDidMUIw3o-5i5xQlXqlg,29.96035900,-90.05990790,1
Z-YqerdBixL-wZ8CgF50Fg,29.96594930,-90.09793282,1
m2dBv07BfXtgpOvzP16eIw,30.04769550,-89.96322680,1
TKaM2UgBZ0kHUmBaDg-25Q,30.04468370,-89.95915870,1
nGYXglmKHgUcovuTHIg6_A,29.95106603,-90.07153217,1
W-JkDeuTjGhQmNj1KgWMMQ,29.95894920,-90.06038960,1
Q1EQeIR0Ypv49JL55DogRw,29.95004750,-90.06813080,1
StZS-mCwIEqBI2EMBb-YpQ,29.95369911,-90.07775116,1
Po3aZ9CLemP2E9PeovySPQ,29.97289495,-90.06058972,1
gGf7dpWXL13f57CwTIvEkA,30.00429160,-90.10642700,1
cB9eWBa9CEOegQi7jKllCQ,29.95111100,-90.06992900,1
K4TlU26IH19tM_VvTMnpyg,29.92086860,-90.09972850,1
aiajFI2fUZRmgkcjI7zjJQ,29.96235360,-90.15496370,1
XJE53HYQbXlT5vhyVDBoxw,29.96028590,-90.05980630,1
e22Kd6iijagT61QmacBQiw,29.96826790,-90.03265310,1
7dP8atw5hAN7DPDi7GES2g,29.94002230,-90.10134830,1
qK75hn5wEEdkeaLL-6V93w,29.92307100,-90.08943370,1
flr22rkcBITW_8NntgCKUw,29.94260580,-90.13427420,1
Bo_TnA3HGE12c7vJ91UCBA,29.97343813,-90.09844834,1
PaeQDmaI4FPacIJogLmvHw,29.95282060,-90.06973460,1
jNM51CiEYvELZz1tEYfa0g,30.02076260,-90.07683710,1
1arlX5Ap720gX3Jw9KieTQ,29.98386002,-90.07157898,1
ifofBiQeb6DI0-u0KEQybg,29.94523900,-90.06955500,1
jmxU6DUjVaSbxxXoA28VWg,29.92483600,-90.10707800,1
R4GCuKgcG_CvlNzruytDQw,29.91984178,-90.08165177,1
31DdVE6ukis8ZNMGxrCRaw,30.02141960,-90.11522200,1
aI2w94F3TvIuPTcflKVCJQ,29.93122700,-90.07398700,1
ZFcE6HItnUzgGPM0Uxm-DQ,29.94078980,-90.10204230,1
WBddJ9h_3-El2weqkPtddQ,30.00298556,-90.03727566,1
q8miJ_J2phTWh-y7bX1M6Q,29.93937900,-90.12909700,1
PUrbUP20EBEa2hODtXgE1w,30.03191980,-90.02632810,1
cBeRbpoHWFzwqfeNTvC86A,29.96859600,-90.05506960,1
eoI-rJfnSV_rLjqRXXSWSw,29.94358880,-90.07051610,1
buF4ZK9Eu6rAjEsaQ65tYw,29.95106580,-90.07153230,1
3Byba3WKLqjabVunNItQcA,29.94213825,-90.06687015,1
scMBCVdRaWSi9yjmv5QioQ,29.92691160,-90.08084550,1
f8iOoNBCwYoHJHvcokphOw,29.96240600,-90.15516500,1
j579drGztc4y1i-5dGFapA,29.93773200,-90.19543600,1
98aSunfD_cXI-KgxA_sJBw,30.02941480,-89.97718950,1
4inlQasjjXIe-wK9Wce5qA,29.95498930,-90.06615530,1
53lcHsW-4XsTPNOsmfkk9Q,29.92329900,-90.08742300,1
WXtEqHTe5VsAYc6Bkv0akg,29.96114040,-90.06754180,1
ecgAJWRy582uPIzm3inVoQ,29.93486600,-90.10675800,1
6F8BtCbhjXjvXTcdDQ968Q,29.94897800,-90.10351000,1
1DxIGnI4mDDJyeIPkHemnw,29.94908829,-90.06389952,1
a_S1eIAtdKLIvFEGA8nY8Q,29.92412910,-90.08667730,1
DJ2M53a6j8biHM8dY5P6Eg,29.96922130,-90.05261040,1
ajM1U0EUVF8zKi-d-JKcDg,29.96900540,-90.05590270,1
pSdCjt0waaO5ftFxtuyEDg,29.95725550,-90.06701770,1
9qdUEbbjzjcpPbXKeRN4zw,29.97361120,-90.05894050,1
iXPEyHqvaDUWLn4pw-58Fw,29.95373000,-90.06534000,1
GTmwc3AWVB756gDiuHwtuw,29.98953627,-90.05785927,1
Yh4OgbXQSpQ_ycK_FmNiGw,29.96499091,-90.04261631,1
L2bYnTMtQwSn7Z-W8ZL8fA,29.94948450,-90.12774340,1
OJ8TFOwK5fTQQbvBZl7a3w,29.98994230,-90.09405710,1
z_uEYQoeiqOJ1k8PNHb38w,30.00274710,-90.04244360,1
DqxSNLrBGwu0WIglOAWZnA,29.96010818,-90.05992053,1
O6kMCxp8r9mKyFZy7sTxlg,29.96202390,-90.06666030,1
hxgHflucadUHaOsLbmTv1w,29.95164400,-90.07096250,1
eca8IpdiY5ZNCgWAl4zXHQ,29.95324418,-90.07190131,1
SsiPsj8NyiCBg84uU6y4Eg,30.00521470,-90.10985020,1
MmkXMri0Bd0VRsNSEiOJ8Q,29.92355270,-90.08700270,1
1PMAO9O8iQ3gIZlPEaJN3g,29.95259980,-90.05125910,1
MCdFiLl3e7AWenLYzahnRg,29.92613500,-90.09394390,1
0keRfkd-7rXM56r6Rj1YLQ,29.92277840,-90.01628660,1
KWRhLX0-VPKqyLhgkkoOrQ,29.96939090,-90.05216360,1
kSS2nvAscVe9dHwihJVUiw,29.96593470,-90.09464700,1
c-Drp2IuAXSqjvyzvOPBzQ,29.96207700,-90.08798280,1
ncJhOVhqqAxZpg74Allklw,29.93504583,-90.07953586,1
HFQiCt-B_Vus8g1pHkTezg,29.94965699,-90.06616954,1
Jd9sra_Gj_8tgL3NK_6Djw,29.93994700,-90.10184780,1
NOKp3L3smiKdFNFUswvIUg,29.92120000,-90.09955900,1
pHFptwQwCTXGDGJKApjwMQ,29.94951320,-90.07672670,1
z990Udv6oRgM9g0Ef9sQ7w,29.97981090,-90.07934880,1
0JtYKzRiG1Rad7nyhObEHQ,29.92077939,-90.11603525,1
UVLgIx4S6NZ8eoUjpYplYw,29.96047223,-90.05841972,1
085mjp-y4qmKRMIj72x8xw,29.95263590,-90.06902890,1
QNB4Um92QR49c1w5cKDbIQ,29.92439009,-90.10738513,1
xbtjVXai4d-kg0GFW6fvRA,29.95779810,-90.06661160,1
gybl_Jycrn8X_CytA-9J8g,29.89320094,-90.03053073,1
gVOGhGWjgDJS14bdq0uaxA,29.96654240,-90.07635010,1
25hhqe_CFWcyFOVQeW7Kfw,29.94428128,-90.06223481,1
pJIKpN7Fyl4aCBIv8jBldA,29.96428440,-90.09656390,1
EWFkVvEerJOvoGt8dSJZ7w,29.95701290,-90.07780660,1
DHm-sK53w6kFk92TK0SDIg,29.92065100,-90.10110180,1
o2P1MM4EKIBrHodEtcDGdQ,30.01223950,-90.06074860,1
kAIg-9gJJNQ4Tw6_Lfm-dA,30.02121080,-90.06151680,1
900VYF8eLWoFt2FlMQ_gyA,29.94181830,-90.09479710,1
ZCUygqx1Oq-08wOTF3gDqA,29.95701290,-90.07780660,1
5fswwcileaIhs4KNRXPQvg,29.92056460,-90.11027950,1
WCKHQm5lLF8LhDOzJiixOA,29.96479680,-90.07217660,1
VfgEzpaIHpq4sR2s2P6o5w,29.92295011,-90.12342224,1
-8B29WNRCyg4jViK4ChKlQ,29.94070520,-90.09716680,1
VXiNWnWfvgof-hSiQpR7yQ,29.93634100,-90.06963300,1
ldczA2r_LlKSfbrGxt3ThQ,29.92076320,-90.11592420,1
18Cj3fXNsx29SPj1LxUABQ,29.92462420,-90.08567720,1
bkxtuHXCL7GR51FiNdextA,29.95064900,-90.07372900,1
xpJm4Kt6ItAm8PGYBlIezQ,30.03047450,-89.97081650,1
-QvV4HrMXMA8fJxCWJOFBA,30.04798400,-89.96324900,1
qFqYnVhKKdDPYoTFwqHDrg,29.92179350,-90.12020550,1
EVqumzu_CSGws7XMTCl5og,29.96446140,-90.05912890,1
FRYkg_JvsWU9xIXZsEZcVA,29.93338776,-90.07949829,1
EiyCdQjYboFVuHsVOoq4Fw,29.95590080,-90.06692150,1
Xhnkg91ACCXkA9_kfGkNiA,29.95888443,-90.06529503,1
7BP7gg_vpt0UVMH9SW3Q-w,29.97642380,-90.09911802,1
RhuFGWbkMSHWPEFvHVX5hg,29.93507600,-90.07871350,1
2mBzfKvAM4kSU6Gm9WS7lg,29.94840045,-90.13122337,1
XiC7tQANHZNtTF0a73kN3g,29.95026526,-90.07105803,1
GSHT0JSXO7GIvZxZbxrIUw,29.97606510,-90.09960080,1
YnhrJ94quRechwC3a7Pd-g,29.93511310,-90.07971760,1
OrpS_YNDY-pPevfnWXzV2Q,29.98998320,-90.05902220,1
3CRNiQ4HbGdo35ltp9ndxg,29.96367270,-90.05785920,1
3vhljSbG_DBz0qTI-D9F_Q,29.94513780,-90.13407110,1
NxJk32DFY06EbFAvcQJumw,29.94200230,-90.12971910,1
PHHd-Df4WieYCpfWrZsoNA,29.92124690,-90.09783210,1
GPYnUAfT7UgbtzIdlfPrAA,29.93516140,-90.13247940,1
fvp72qHtduYw2rZRD6tTSQ,29.94473650,-90.07302560,1
yTjAklAfdPSXsQk8bL8YbQ,29.95314330,-90.06779830,1
fEZP0NTgbKZG8JXVMCkoLw,30.01370920,-90.05079240,1
p08wWg9hIsvun4l-cfuWRg,29.97452700,-90.10673280,1
rdk3Q_YyWYVKo9vfOp0bkw,29.95825100,-90.06556600,1
zbaBwAo-UGWZPTvbJVV9Iw,29.95947480,-90.18297326,1
XKzULLeYLVOpoiSJB7QeaA,29.95523016,-90.06946842,1
xqhCrTNQO6-end65BdbAXQ,29.96902600,-90.05543100,1
HDIWGT22GEYn_gTDJIRBHA,29.95865500,-90.06457500,1
23nqw3NV4TZLA6wVCZlU5g,29.95257490,-90.06841860,1
ksAh-0mf3xzQJ2OLoSVjFg,29.92398350,-90.08627660,1
kScdTf3kazTb5uBJfaOlMw,29.94974400,-90.07727400,1
2jX71Q0_nAD9X5An84fs_Q,29.96747390,-90.04470471,1
1JXJbmiVaLK2Wc2-reqQ5w,29.93358130,-90.00774311,1
AP2UC4jid1vxI7Mu_Y1sXQ,29.96369040,-90.04694800,1
VJlR5mFR86Tap9S2qEMFoQ,29.94517040,-90.06960370,1
RCyFl2DWyDcujtfRs_cQmQ,29.95448410,-90.06881130,1
Ge9amPrOICifI-dVbaZmEQ,29.96100390,-90.05831470,1
98UZXU82kKK0YZgPJhTpAQ,29.94967000,-90.06440800,1
XnOluvVfA420eLbc7Fxnyg,29.95795750,-90.06639970,1
G6BsgXWHqddv-bGKS1NcyA,29.95724320,-90.20297870,1
P1hQWvS2OwdPpDhAM9HwgQ,29.98175780,-90.07328140,1
VOaWZhnatGDLl1PBrXKTjg,29.94599870,-90.06531320,1
98mYebjHN_VXZapVm8Nmqg,29.97606510,-90.09962590,1
fnZdn_MvmKa3MmSbSyfkPA,29.94769200,-90.07227100,1
UTkd3bWcTn0eREADTWKyog,29.95757270,-90.06582680,1
4-by_flBJX3k2U0gVfcntQ,29.94111510,-90.12344070,1
YJn3GKbAvWw_KPXr5BChEA,29.92443700,-90.02144700,1
dHaml_FHbs_wSyl6vvKpxw,29.93511310,-90.07975700,1
PRrWtQ3rdINngwESZNefVQ,29.94211990,-90.13011200,1
cW2jouXxw1XFN8t35hnrDA,29.89702880,-90.01796570,1
gdCDbLSzUVHq8zne8OYI7A,29.94942700,-90.06279990,1
SeKVdPJEO2NK5Gcc4QPpjw,29.95933320,-90.06830820,1
PEoe-xRD9EG-gSbJeEA91w,29.92196770,-90.10739350,1
S2Sdir-fkwq1sq3nh0fOOA,29.94152360,-90.06752560,1
NvsuSTa7Ro8PqG7aIj8snw,29.94559890,-90.07104520,1
M4OWJbaUD2qStF9eeYeNMg,30.04069036,-89.95495029,1
yyZheinbU4-tTDKPcg-ZZw,29.97719080,-90.07694824,1
F_24wAKBIVdXEZY5ilNH9w,30.03613900,-89.97469850,1
hNuRKVOgigDdcvwqH7v8Jw,29.93659680,-90.06895400,1
my4_3ZfFIMp3rOk9fI6BOQ,30.00445065,-90.03762804,1
HeIuCW7loBXVyBQlN4pQAQ,29.95571050,-90.06982730,1
vZKDU7nRGB_5pzJGR12efw,29.94930223,-90.07033991,1
aYrsT_ReL6vlQIP2GrvLWQ,29.96106110,-90.05829770,1
1prfnyowzCR5lQGWQNep-g,29.97749200,-90.06870960,1
KUYGwEEEM8yFkCf-CxpRPQ,29.97159098,-90.08789062,1
x1jISqtNYQufDbn9HFSWHg,29.94614250,-90.07846000,1
5Y2lmM-e6foq2fhM4oRvtg,29.95408300,-90.18179900,1
1T9iKJeQsxgt-0M1RGpVrg,29.94245250,-90.06582810,1
LqQOn3EFOSY3eWZjjgv_eQ,29.97545140,-90.16979088,1
4u4njx79dMrXNhbRFHjG8A,29.94508350,-90.12610130,1
NtglwXi9aLXenlprL49MjQ,29.92800597,-90.06869622,1
54PNfAT0kCG3JLgGOojc4A,29.91829850,-90.08951630,1
WeU7pN8VmkhxiVD71-pWGA,29.95810770,-90.06462850,1
ys7yho1IoE9hj_i-g4DeJg,29.92428349,-90.01369804,1
ew5TyXOlyCpCRptye1LdxA,29.97682142,-90.09914179,1
je-bSjTTn8qKjT094MzjDw,29.91850160,-90.11648930,1
gAxVNmRBG5DZsp8DtZnpRQ,29.94440120,-90.06537180,1
p8sgZPvVq39bIklMO7x6ng,29.94598500,-90.06697620,1
lNpcFEd9nEY8_DoQIhJ1dA,29.94042011,-90.06220659,1
UEPf0MGsw2mOlarskQX1Zg,29.93791600,-90.07582640,1
GwfFkFb7RDbq4qHD_CUuIA,29.92071870,-90.10527230,1
ewUSU4zZDUYaavehQFeZVw,29.95591262,-90.06792292,1
2jFOIBICinZkepcO60rN0Q,29.96754700,-90.10269460,1
tPuso2lzqdPM3sje6gWzsA,29.96377068,-90.05298430,1
4iKNV1ijEygUYWvx85w-jw,29.94146000,-90.12544000,1
SSKhM0-bEYv76DcExRAiSg,30.02261280,-90.06137240,1
ddOSzwvJSdM8inofl-ybdw,29.94151180,-90.12921860,1
BFihjoRdU-jmdbvIEqEsxQ,29.94621524,-90.07008605,1
uhV0WlIDnO-UxuMezO2t-g,29.96857964,-90.05487565,1
Wmeez3dUfKkCGZT3lMZGFg,29.95824432,-90.07673645,1
WOPDfnVDLW32xsnm7Bx2ZA,29.93477620,-90.10814410,1
eG4v2DkBe2cmzNg-ilCo9A,29.95296792,-90.06624553,1
kpvyVkEnSNMjfvsDcuCF-g,30.04820630,-89.98594110,1
a0EbgidUvF5DdlOumRh9_g,29.91599753,-90.11866437,1
P4E0Lv494T0OvvupBjvUIQ,29.96592000,-90.09467500,1
aV8lLV-o6g53R-HUTmykpw,29.93554170,-90.09453780,1
0169EQn9SEi1bocoX5Ps1w,29.92056610,-90.10711950,1
qWZimITbVwNSGJZsuM47-Q,29.93452072,-90.08061218,1
vBd2-H4sQM1hq3ggWNambw,29.92028580,-90.10588670,1
QHFpMJeBTQJfzdDvsB9oqA,29.95932177,-90.18694068,1
HCAEt5uZvcE3gU46bViwvA,29.95728640,-90.06742610,1
NjmJ2sbcj3v9K98sNj2OAA,29.95013940,-90.07408030,1
nePPSHdai8L7aWmXwOZHEg,29.91700450,-90.09826210,1
yAEKaEvsCNxOYv1M1kiQhg,29.95107960,-90.07157600,1
lnk79VVLnZg5IgO3tOMoDA,29.94831843,-90.07194858,1
xbgzX-_EpV6yH-6nf2LCNw,29.92616281,-90.02257970,1
11oJkLpheKBkgTfmE1mEDA,29.95972160,-90.06016580,1
xU4K9Omt5ydLIaUPFQbJqw,29.96259700,-90.22298300,1
DWQjNK8hXcUJztWoYDPgJA,29.92711640,-90.07838150,1
65Vm3KUud4WfZuOjDTMAXw,29.96058840,-90.05926310,1
SYt7k9UXqVjkmUEw6s2u-A,29.96129430,-90.06749540,1
W2Zw4ipU2OwutajPUiQq3A,29.96165060,-90.03220510,1
ZdvKfuS_x7lmtmeCO46Mmg,29.96826790,-90.03265310,1
Rve7ITGDzt5Di-1j-fDE5Q,29.91659810,-90.11648570,1
lUiBqk_EDh5ZkaWPsv-3iw,29.96379600,-90.07193900,1
-ZAVJcrczPaTVYa5KUUuRg,29.96194800,-90.11345900,1
QeUMcs_mNmPtvQd1bUJ9qQ,29.96686000,-90.05205530,1
f43AIP_4AV2XSng0_LXI_A,29.92852790,-90.03149640,1
7u40cyMxw4iGosMdkesoEQ,29.92367481,-90.02001174,1
26P-A2QGP38Fevb0VtebNA,29.95219350,-90.07272840,1
GevY5sVM5PKhnAy5BbdeVQ,29.92482639,-90.10724937,1
Qkiz7nFYML7sJBFPO7pNaw,30.02737940,-90.03874220,1
zdJCe6BLDB03FBC4U_9bYw,30.03839600,-89.97567102,1
yIy70vHKF_L3Gy1cu2Wqwg,29.95102120,-90.06852710,1
wohNm4WmjcUIvTT3J2R58A,29.95130600,-90.06547880,1
1fVxrKKiqyB8q9iVo7aHfg,29.94274047,-90.13422073,1
b6tcKm-auC0T0CK39ikNZg,29.96188500,-90.09012100,1
59hAnpVu7SwWhA3lCv680g,29.95957690,-90.07701270,1
MJ3ePnHQO23sqwSdXXDscw,29.90022990,-90.03114160,1
FEFi0AmjHzgSceeLYW3Glw,30.04371530,-89.95834900,1
9DNzMAyW8zj9ipB2FKcU5A,29.94742190,-90.11296470,1
DfkO7MHuy2wxgeUZ2-o3BA,29.95198515,-90.06967914,1
F_bDaJUteUVm0dGNg0uBIw,29.96255660,-90.05767400,1
Tt4byMYA7FvAkQ3MigcJWQ,29.96184380,-90.05762850,1
wlRUC49YirsCBdv7wa3cmg,30.00557220,-90.03287190,1
UaAy_PkVA0YnwjYLmp1WdQ,29.94065900,-90.07884790,1
Fd0t6Mc0uxUdhWzVwZSITA,29.94080908,-90.06063335,1
wuE1RgcEpSCBeN6nWRBeGA,30.03980027,-90.01345846,1
T3hRVrL3Yyy27iOvvKW8Ig,29.93355940,-90.07000510,1
B4zE07aML4DoLFd8gMVMPQ,29.96786170,-90.08352870,1
qejPFPUKiIXvHJ4BirgLUw,29.94525930,-90.09067560,1
LojIiUOGn5EEdluoytxubw,29.94565000,-90.07272900,1
lJp85TIIeS9szsHwG09QwQ,29.95957690,-90.07701270,1
uOg4ibVUHlEXspv9ikvvJQ,29.97130510,-90.06454960,1
4rvAW2dFV24sdGcOLWcU5w,29.93776530,-90.07125790,1
WrYoTcyZLmezgbzwiAg9cw,29.91605300,-90.11446700,1
FMUr_0oUi14EmDTp61Dcsg,29.94538000,-90.03999000,1
RDIsXBd5h8ML1wSQ7AuKxA,29.94591400,-90.07257190,1
qhhznOo5NgdkhAti7qj3dA,29.94634380,-90.11334240,1
zI3W8PA78uIoB1l9QlzS9w,29.96939090,-90.05216360,1
fTBZRd8vCCK3bCqgxNjodA,29.96344640,-90.08341000,1
iuFgUOCFgE7fBLpBhFQXdw,29.96681596,-90.08820541,1
LwBLK_hNI72tZYzuhYp0eQ,29.96068317,-90.05938769,1
WRFhNoO4W3-KK9tDBv49wQ,29.94997880,-90.07487740,1
fzWfyNec66KVLoulLP2E5A,29.96006000,-90.06002520,1
bHb22MUzb5DFKDyA90OEDA,29.94211040,-90.06687950,1
hycnVsAQzFlkpZZh-hUQ2g,29.96992240,-90.05254890,1
24YT8pH4s8fX2kUzFibYIQ,29.94851000,-90.06294400,1
zD4zXTjTaUKtD3J_Zp8mWw,29.96753384,-90.06045120,1
adBykhcc02BFiOB0pev_nw,29.97776850,-90.07711310,1
GBchqTKrmBzZl_0LHHk_2A,29.94598900,-90.06699600,1
M1BDVcmq7s8pox_YRdPxqw,29.91700450,-90.09827250,1
ZoRlLcEsxrzfumd6wHa5Jg,29.94896281,-90.06390618,1
jjMdu96R_7YV4qKsjRA2Gg,30.00473700,-90.03700700,1
LMZUCETroHpXHQzOwSqGEA,29.91705720,-90.11680110,1
cFbwvobRxKIwoTSG-6THrQ,30.02840320,-89.99165860,1
MoSyhSKj62gqBJyR_e5kIA,29.96947300,-90.04963700,1
1bzYODPGqkC9aqn_QZUHmQ,29.94795790,-90.13065270,1
J-HTokql9wMNBON6xyKLpg,29.95654410,-90.06767870,1
woK7eHnKXzNCCUrx-GIJZA,29.91498310,-89.97779090,1
xtPAc0VsFTKIrKCG8xBZTg,29.92350930,-90.08702650,1
NNDSeTxshrEt44u7PZL9sA,29.94498100,-90.06598800,1
on7gQn2iqESQPezuFGyQvQ,29.95957690,-90.07701270,1
136sAyExGKfFc5T0JqO7Dw,29.97727330,-90.09268820,1
oci4y3Ug7dhDktZDrQpTtQ,29.95513210,-90.07297360,1
6g6lWFjRvSn1XQS-psJzkg,29.96407410,-90.04360820,1
JEzCDS9mTwTHUqdPiWScXw,29.92322700,-90.08785420,1
0e7U3DahOeJsT0brY4n_uQ,29.99674540,-90.06028980,1
yqYywLM3t-FgbEXgnhTYNA,29.93806230,-90.21168850,1
KDJoFaUy8Fx9cqkh0xzS7Q,29.95012507,-90.03437452,1
r-776l-hZC4Vngbgn8KLQA,29.93729500,-90.09610020,1
kei6KHKxuNF1nlm7akQA-Q,30.02279380,-90.07844370,1
XeLAOIv2Ky1wyzIjoTa3Mg,29.96240276,-90.08978717,1
HHKWz02LCPCftIkP0ghptA,29.95653976,-90.07830716,1
ZduAY9t4GjTq5CGh5j7oqA,29.94126580,-90.12850120,1
V5DyIBYW095er0XOZd6ytQ,29.97408300,-90.10170400,1
GZDkhotwnmGlpYUKxAwobw,30.04817600,-89.96220580,1
nK_-VSm_Bx4qjMtVmVuwXQ,29.93204455,-90.00425432,1
j6I_2GtM3PBLHSdl-fOgrA,29.95188785,-90.07314011,1
5J65PhaSFmOngOEQFYOVaw,29.94519424,-90.07339478,1
bZIZJeTPiq-BE-TYdN83oQ,29.92251931,-90.09108772,1
7svjXaOKO5638eYiymNP2A,29.94748960,-90.04814080,1
ZNXNmJV8fXu7dv1hqXeq1Q,30.00599294,-90.03352497,1
edO1Rej_-_I4vPSVYIZ5NQ,29.96363920,-90.09428400,1
JIMo4CQNZiLYa8Tak4EFiA,29.93983380,-90.07975108,1
kYFJQDMHsubrwDfRpEfDTA,29.95088590,-90.06808920,1
kJwK5kw458Bb_JsJwq4R_w,30.02999500,-89.92781000,1
T7ihbv_VIy2aa4UwEr7orw,30.02821400,-89.99165700,1
kMi_BVGtozQ-Rgmq0k596g,29.95632100,-90.06804200,1
r3UiypjeS0u00xIbM1nvzQ,30.00594520,-90.11720950,1
kvE2BJp9Rc8irEnbjnlNHA,30.02378120,-90.06177650,1
0QKdimej8VlFkE-rUosx4A,29.95899850,-90.06401840,1
PUR8xK74Js5oAvsarFkHDA,29.96077880,-90.05898030,1
_Vm1wFLSe6kanZV1sQjkOw,29.95169630,-90.07323500,1
zHy8953PyqX0CnPTXDn3zw,29.93197920,-90.06777900,1
PYJ7YSaMmHM_7C4WwOuFgA,29.96428140,-90.05792390,1
mXsfheczyGsMPsRSO_DGBw,29.97489130,-90.04882660,1
bjxpXg1gOwHsN_yaVzJCWQ,29.96878600,-90.05054500,1
SwJOeRUW0mFYDXTgJYx5fA,29.94629118,-90.07275577,1
o-kjWqR1unEn_ldWyGkNug,29.96196400,-90.05747200,1
em-EfKPllfnvDdJpJLmDXw,29.93068288,-90.07532779,1
8yEkaYtBNFS_w-OxbrbEfw,30.00370730,-90.10306500,1
Z0JdaW9ksIMn9UJlr1Rdaw,30.02361516,-90.06097830,1
-b56__bDEGYnCkCK-zOvKg,29.93207580,-90.09008320,1
R6zldMXLOXDL5biSER8hHA,29.99712280,-90.06002170,1
dmylotBWcIExhwyyft5bIw,29.97490844,-90.08835334,1
q_z-FrCU0a8FguL3Jk52yw,29.94885070,-90.11977510,1
-cDE_lW8Om8w0YIUriXXMg,29.95119570,-90.07102910,1
eJYvM2Zy5BloOYGldWmAVw,30.02022430,-90.11146740,1
RC5DvxYvcR_RXfefEHJIMQ,29.93746290,-90.09046760,1
59I-SbhRE1wYzPQV0ZAdrg,29.95632134,-90.06804194,1
q2rNovrR1ygAr5TLHSX70g,29.95278187,-90.07830127,1
pKANQ7IEEBGiDbyuKaRlUw,29.97631640,-90.07656890,1
HOwSpVUbGvXlqd3Lxp5_xQ,29.95827930,-90.06620130,1
XYzK1pS5ZOVKQP8Yl0UUHQ,29.96826790,-90.03265310,1
opRcNxBbKdYnkP5VjYN1ZA,29.94737350,-90.12979540,1
xs6KXAE0UY5Yhd2GJJxCZA,29.96640260,-90.08711570,1
OUuUc_qERdvTrnpj1vSLaw,29.98352390,-90.10525420,1
iVegX9epKU8R0eRAEwQ6Yg,30.03873007,-89.97698296,1
f1Iak_fzgFy_v2R_EnspXg,30.01192830,-90.06062780,1
L3lQqy7z7PgDm0OWgLTzew,29.98051790,-90.09363400,1
VqLkF5MgXMeGt1atl9pwZg,29.96441440,-90.00938130,1
9dW3CVyvnTXdkXg2AOyBfw,30.02328700,-90.09106270,1
p8V4zEEYZvZnZh9f8k5KZA,29.94306480,-90.13459440,1
loJUJg7ahGYga3EmLabiOA,29.92460750,-90.02188110,1
fyVp9XdUrcMxBUn4h1ZmmQ,29.96114040,-90.06754180,1
ytY1d6GAmOiuSNLeUw0DTw,29.94739940,-90.11293560,1
k5cwuKa2QxiLtTLVNxCwxQ,30.03656620,-89.91251010,1
GzYIDkGgkHa1vghxXGQlJw,29.94884595,-90.07676859,1
95d60_mjUg2kLy-bhDLC6w,29.97385730,-90.10039870,1
cShGxfd19nuTm9X-kbSwGg,29.96207700,-90.08798280,1
UVE_f01HDCnkyQVhIApUrQ,29.95352500,-90.07474970,1
lFbBGVLlljaggRLlg3xY3g,29.91722165,-90.10245118,1
ayaL6dlw6ZcWyJgG86jOdw,29.96460510,-90.04647350,1
kqh6VqnflT0PD78A9VAEgA,29.96060990,-90.11604640,1
I6M31tAZh-v2Y6v77jwNMQ,29.95734616,-90.06732278,1
5OK71bsZ3UndLeTXUE5mKw,29.97534720,-90.10119570,1
nTPTqC40pXELp3LOrCtXIA,29.95399990,-90.07275194,1
CIVPalBUxIRUJ04ig5NTFw,29.92678362,-90.09220177,1
X5RV5TndFtCJkeFZzTTb2Q,29.98894920,-90.07178454,1
ntry5rdcs1YvhYP7LLVEWw,29.93798624,-90.08141845,1
TBh1o90Sc-5vpiuUc8IRUA,30.02084303,-89.96083573,1
LDUAhHYmSgH9uwuO5y3yaA,29.94569598,-90.06600346,1
o2k6jpXlYFPrDck3j7bHgw,29.96363920,-90.09428400,1
_eafo0pYcxOvziwR4JXj_Q,29.95470950,-90.07174550,1
pnrZqBbu7WngjKjfkw6cLw,29.94517040,-90.06960370,1
lQTYsqT-9r-8iw6w0Oa0uw,29.96939090,-90.05216360,1
NHlvOSS83Dp2ys_xCX7YQw,29.91789920,-90.00790560,1
tJeIs6nUl2590FrgqntBBA,29.96109000,-90.05836100,1
